{
    "name": "R\u00e9ponse temporelle du syst\u00e8me en boucle ferm\u00e9e \u00e0 une entr\u00e9e en echelon de position",
    "pos_order": 16991,
    "times": [
        0.0,
        0.023473346078251467,
        0.048409776166067786,
        0.07272218748340009,
        0.09743141073683503,
        0.12617211525722816,
        0.15088069849141128,
        0.1520282530098509,
        0.15294924071316096,
        0.15423951952474724,
        0.1554088346977487,
        0.15688279903459623,
        0.17110274677062343,
        0.19977304917332006,
        0.228319187841171,
        0.2565177960553058,
        0.28483288777326443,
        0.3105187804049159,
        0.33971261855556634,
        0.36850644467385685,
        0.3966800921371725,
        0.4250700661075886,
        0.4531861118382441,
        0.48188777518427806,
        0.510615039300383,
        0.539041494368151,
        0.567482029859459,
        0.5960780900289482,
        0.6248315949343759,
        0.6536753425543047,
        0.6790181848670009,
        0.7037728494873132,
        0.7283099075620196,
        0.752784883769305,
        0.7767747253837403,
        0.7977462362067858,
        0.8223837773040223,
        0.8470283586130272,
        0.8708985166273813,
        0.8919698704537034,
        0.9165862909156317,
        0.9416788857008829,
        0.9655356033109488,
        0.9864181514579968,
        1.0107043219860063,
        1.0361610877255192,
        1.0596677148048617,
        1.0807403486696892,
        1.1050521199677696,
        1.1295667773686642,
        1.1500704341186587,
        1.1747066951773917,
        1.200132739992819,
        1.224130901857528,
        1.244991049330764,
        1.2696029896579297,
        1.2943269333541565,
        1.3184851000318094,
        1.3391743623648207,
        1.363892545887781,
        1.3885851286406705,
        1.41290010003501,
        1.4334146371122856,
        1.4577443289494152,
        1.4820106588806201,
        1.506328190351967,
        1.5270411333972937,
        1.551408586370279,
        1.5760781284301046,
        1.5996026760484963,
        1.6212084459500549,
        1.6465013667611128,
        1.671176028974953,
        1.6942397627320638,
        1.7161277811236566,
        1.740787722894705,
        1.765203177311573,
        1.7883712342067248,
        1.8101485292677602,
        1.835886903478059,
        1.8595176942922436,
        1.8796194189521245,
        1.904210878663232,
        1.9291402685392782,
        1.95362164493908,
        1.974178423286972,
        1.999233256936371,
        2.024190807659494,
        2.043628832355278,
        2.0676327543932516,
        2.0929032745304994,
        2.1169519979160967,
        2.137552937592364,
        2.1619408711814074,
        2.186401126945899,
        2.207955055288064,
        2.232294987433221,
        2.256320030106508,
        2.2808295673533863,
        2.301749236617038,
        2.3262882147495,
        2.35047070215872,
        2.370794513498968,
        2.395297650553328,
        2.4205803310563603,
        2.4437522280670194,
        2.465208873482915,
        2.490239386400745,
        2.5149735704049974,
        2.5354049049795435,
        2.560009805094939,
        2.584957755529288,
        2.608299897660924,
        2.6288809967403814,
        2.654305761517307,
        2.6788415395535097,
        2.6994443992875325,
        2.723762570778131,
        2.748392431644344,
        2.7566678805698466,
        2.759007790954353,
        2.760738403011164,
        2.7624517345481756,
        2.772192187541002,
        2.796770206847821,
        2.8218109600736803,
        2.841951725907915,
        2.8673003283938776,
        2.891999951358539,
        2.9908944461049387
    ],
    "speeds": [
        0.57,
        6.36,
        15.42,
        21.68,
        24.3,
        25.2,
        25.2,
        25.2,
        25.2,
        25.2,
        25.2,
        25.71,
        27.85,
        27.88,
        27.06,
        26.99,
        26.7,
        27.19,
        27.29,
        26.89,
        26.74,
        26.9,
        26.56,
        27.08,
        26.63,
        26.37,
        27.15,
        26.59,
        26.63,
        26.89,
        20.25,
        5.13,
        -9.81,
        -7.52,
        3.57,
        1.15,
        -3.36,
        2.84,
        0.58,
        -4.62,
        2.26,
        1.39,
        -2.62,
        1.38,
        -0.34,
        -0.68,
        1.31,
        -2.68,
        0.95,
        2.13,
        -2.82,
        1.18,
        1.68,
        -4.4,
        1.62,
        3.11,
        -3.74,
        0.27,
        2.67,
        -3.49,
        0.64,
        3.14,
        -3.04,
        0.67,
        2.55,
        -3.88,
        0.29,
        3.67,
        -2.37,
        0.34,
        1.96,
        -3.37,
        0.98,
        2.52,
        -3.91,
        0.42,
        4.14,
        -3.27,
        -1.18,
        3.83,
        -1.46,
        -0.08,
        0.97,
        -1.12,
        1.76,
        -0.51,
        -1.16,
        1.24,
        -1.4,
        1.04,
        1.06,
        -2.03,
        1.7,
        -0.36,
        -0.65,
        1.87,
        -2.08,
        0.53,
        1.24,
        -1.26,
        1.53,
        -0.96,
        -1.48,
        1.28,
        -1.13,
        1.13,
        0.98,
        -1.99,
        1.58,
        -0.85,
        -1.51,
        1.76,
        -0.98,
        0.81,
        0.75,
        -1.97,
        1.53,
        -0.73,
        -0.73,
        -0.73,
        -0.73,
        -0.73,
        -0.78,
        0.45,
        -2.56,
        0.92,
        1.57,
        -1.67,
        21.01,
        16.08
    ],
    "positions": [
        20,
        318,
        790,
        1387,
        2035,
        2731,
        2731,
        2731,
        2731,
        2731,
        2731,
        2731,
        3805,
        4579,
        5318,
        6056,
        6799,
        7558,
        8319,
        9077,
        9826,
        10587,
        11382,
        12168,
        12948,
        13716,
        14476,
        15262,
        16043,
        16827,
        17387,
        17349,
        16979,
        16838,
        17111,
        17021,
        16878,
        17130,
        17019,
        16848,
        17088,
        17052,
        16894,
        17110,
        16953,
        16986,
        17081,
        16863,
        17026,
        17066,
        16859,
        17083,
        17070,
        16830,
        17019,
        17094,
        16851,
        17001,
        17081,
        16842,
        16992,
        17090,
        16862,
        17021,
        17081,
        16838,
        16987,
        17105,
        16874,
        16999,
        17068,
        16843,
        17018,
        17088,
        16844,
        16982,
        17124,
        16876,
        16946,
        17105,
        16881,
        17005,
        17038,
        16910,
        17116,
        16942,
        16953,
        17073,
        16875,
        17061,
        17029,
        16906,
        17106,
        16934,
        16969,
        17094,
        16879,
        17039,
        17025,
        16911,
        17118,
        16943,
        16957,
        17072,
        16880,
        17066,
        17032,
        16913,
        17121,
        16947,
        16946,
        17077,
        16881,
        17047,
        17015,
        16909,
        17115,
        16945,
        16902,
        16902,
        16902,
        16902,
        16902,
        17065,
        16850,
        17027,
        17038,
        16910,
        17107,
        18432
    ]
}