{
    "name": "R\u00e9ponse temporelle du syst\u00e8me en boucle ferm\u00e9e \u00e0 une entr\u00e9e en echelon de position",
    "pos_order": 16991,
    "times": [
        0.0,
        0.02521611850084504,
        0.04687244992329376,
        0.07480609016719164,
        0.09930218700978521,
        0.12401205028247198,
        0.15266315210761583,
        0.1806268732563474,
        0.20581035077535148,
        0.23452609454492368,
        0.2630715931935228,
        0.29122283998302656,
        0.3195872131833717,
        0.345139981810652,
        0.3738205245213777,
        0.4023660231699768,
        0.4307419167168547,
        0.45928805538470563,
        0.48867901946490555,
        0.5173493218676022,
        0.5451664786076762,
        0.5740844684608106,
        0.6019989081271557,
        0.6277808036465728,
        0.6565515890717997,
        0.6862408021233275,
        0.7101768821206136,
        0.7336988696619997,
        0.7585968985947105,
        0.7794615262027076,
        0.803997944258164,
        0.8284428395606138,
        0.853100221254655,
        0.876859015919198,
        0.8980538934611157,
        0.9227765571188389,
        0.9473078550202789,
        0.9710864902816283,
        0.9923837709038281,
        1.0169848309037128,
        1.0414802877270546,
        1.065190440928463,
        1.0866048450737402,
        1.1119515275019474,
        1.1363964228043972,
        1.159741765032292,
        1.181604182653814,
        1.2061431607862758,
        1.230115081861662,
        1.2535052254371806,
        1.2750233127012454,
        1.3003776753604743,
        1.3241095892164427,
        1.3446670075835883,
        1.3691797449267273,
        1.3936969624046291,
        1.4182269802675656,
        1.438755597768381,
        1.4634225797511995,
        1.4879820384997178,
        1.5124992559776196,
        1.5363841344347637,
        1.5577658975982,
        1.5822402337862318,
        1.6067440108598472,
        1.6304362435222046,
        1.6518557678214965,
        1.6763518646640883,
        1.7010105263966349,
        1.725596225934476,
        1.745970598795612,
        1.7707675046865408,
        1.796055945362836,
        1.8196368146753858,
        1.841168342343737,
        1.865569076317815,
        1.890189976914506,
        1.913614681529621,
        1.9353350148772481,
        1.9593530173387617,
        1.9841057619013185,
        2.004805264542357,
        2.0293852039069336,
        2.0541891500096323,
        2.0788068505100625,
        2.099295786817267,
        2.123649159366714,
        2.1482290987312904,
        2.1724698278924226,
        2.1933235751731406,
        2.2178759937098906,
        2.241796713245135,
        2.2652514987650836,
        2.286738225085811,
        2.31125800264072,
        2.336753809554592,
        2.3597349808282235,
        2.3808965773690467,
        2.4056672424706527,
        2.430084616945278,
        2.4505812334835024,
        2.4752750962748955,
        2.5000777623390906,
        2.52334950235303,
        2.5448285484427373,
        2.5693924873260183,
        2.593615935967353,
        2.6145119245186894,
        2.6389773004371975,
        2.663970692238422,
        2.6874881996450455,
        2.708582594164433,
        2.7341424030034815,
        2.7585565773818477,
        2.7823588933555126,
        2.80382385902168,
        2.828206032437455,
        2.853241025490046,
        2.8731347438930968,
        2.897952130400082,
        2.922485988378531,
        2.9467324777129296,
        2.96699676726276,
        2.9912624571747113,
        3.016026082064549,
        3.0400767255079035,
        3.060867750901947,
        3.08553281282701,
        3.11003530986212,
        3.1338088249694547,
        3.1551278662462163,
        3.1796905250909955,
        3.20423398335822,
        3.2248509235157794,
        3.2493527805316376,
        3.274020402533708,
        3.2983648148136293,
        3.3189708746439095,
        3.3435642544127724,
        3.3680795518329187,
        3.3930134218437296,
        3.4165699704247103,
        3.4379638939539294,
        3.462292305752557,
        3.4869010459834637,
        3.511496985829334,
        3.5329331506291712,
        3.556940272763404,
        3.5812046826368533,
        3.6056687785168595,
        3.626887336771089,
        3.651302791187957,
        3.676133618099234,
        3.6966020737903786,
        3.7212671357154417,
        3.7459033967741764,
        3.7693498620438515,
        3.7901933690165404,
        3.8148110695169724,
        3.8390690791979036,
        3.8597519413383967,
        3.8843062799328987,
        3.9087441350235803,
        3.9326072528261644,
        3.9540139767404217,
        3.9787673613222285,
        4.002951128769952,
        4.026457755849295,
        4.0481793692354255,
        4.072764428754018,
        4.097272045943141,
        4.120722351328327,
        4.142322361056619,
        4.166959262134606,
        4.190943983595025,
        4.212030057864139,
        4.236976728259988,
        4.261580988356128,
        4.284670322883313,
        4.306155769165537,
        4.330719068029568,
        4.35523692552672,
        4.375738022199707,
        4.400410764355792,
        4.424924781737433,
        4.4495008809865,
        4.4699949374477175,
        4.49459535742835,
        4.5194850661107875,
        4.54313505750253,
        4.564175050385517,
        4.588756909807847,
        4.6133758903467825,
        4.636915158407964,
        4.65846588665387,
        4.682977343958507,
        4.707479200974364,
        4.728067980284846,
        4.752583917724246,
        4.777962601115041,
        4.80161131246828,
        4.822973875054162,
        4.846993797573431,
        4.871760622559526,
        4.891872587527432,
        4.9165651702803235,
        4.94194449369037,
        4.9652219938775755,
        4.986269026972332,
        5.011514586358759,
        5.03564331215083,
        5.0590443360536295,
        5.080290415135687,
        5.1049266761944185,
        5.129411892709731,
        5.1530158027153465,
        5.17464205323296,
        5.1991554305953525,
        5.223499842875272,
        5.244265267499246,
        5.2688784878649155,
        5.293272181627222,
        5.317281223819213,
        5.339121880786175,
        5.363849664597913,
        5.3883432013634955,
        5.408816137189406,
        5.4334773589989585,
        5.45831458610275,
        5.482337068699026,
        5.503911477657249,
        5.527495547066055,
        5.5515077893543054,
        5.574993295798338,
        5.5964653016762735,
        5.620999159654721,
        5.644992841384669,
        5.666020033882619,
        5.691614403761266,
        5.715311116558388,
        5.739041110356601,
        5.76038511238418,
        5.7849311307284115,
        5.8093273845677285,
        5.830078728768163,
        5.855248125863627,
        5.879024201047967,
        5.903977911655582,
        5.924176279222477,
        5.948772859087603,
        5.9735160033613806,
        5.997940418047774,
        6.018391593219123,
        6.043022094104591,
        6.06755275198678,
        6.091150261799873,
        6.112612027369783,
        6.137167646002792,
        6.161671423076408,
        6.18536941591203,
        6.206788300192068,
        6.23211066188871,
        6.255976979787553,
        6.276351352648687,
        6.301834999196776,
        6.3263483765591655,
        6.350537904180159,
        6.3707753129214115,
        6.396121355330367,
        6.419732945567004,
        6.4437951093568895,
        6.464942625474174,
        6.490122262877668,
        6.514168426186261,
        6.537654572649545,
        6.559065776698562,
        6.583694997545527,
        6.6080016486895925,
        6.628643549597973,
        6.6533130916577985,
        6.677853989848016,
        6.701626864936097,
        6.722915825308027,
        6.7474516033442296,
        6.7719937815729505,
