{
    "name": "R\u00e9ponse temporelle du syst\u00e8me en boucle ferm\u00e9e \u00e0 une entr\u00e9e en echelon de position",
    "pos_order": 16548,
    "times": [
        0.0,
        0.022770648660753068,
        0.04336458766681517,
        0.0704841754936183,
        0.0994547025504886,
        0.12842138948447257,
        0.1539460462734894,
        0.17845371051873826,
        0.2058977887292457,
        0.23228711318762407,
        0.2633274664789269,
        0.28871003872124845,
        0.3092431757816314,
        0.3293903804921854,
        0.3312425997632005,
        0.33336874779993764,
        0.3353662517200604,
        0.3380223367147721,
        0.34909789113251577,
        0.3707062626004074,
        0.39126180037762026,
        1.403955966590928,
        1.4342942174149584,
        1.4597068706198684,
        1.4794745431853897,
        1.4997529520944681,
        1.5246369483823514,
        1.5458139460462803,
        1.569065250088002,
        1.5906921821498372,
        1.6140970911069132,
        1.6352184069890257,
        1.6565477295273467,
        1.680547857531451,
        1.704438542033344,
        1.7336426765656512,
        1.766969183013856,
        1.7935204326538496,
        1.8201139236455646,
        1.8479868155780963,
        1.869572146308684,
        1.8937668405389019,
        1.9179871355883478,
        1.9417043745399951,
        1.9637735607539497,
        1.9878325706422686,
        2.0115971711094716,
        2.0330621779896916,
        2.0574219975039227,
        2.0812467598963167,
        2.102729047329518,
        2.127257192230161,
        2.150776024832794,
        2.1723722359115527,
        2.1968914205254606,
        2.221240999711995,
        2.24207494639829,
        2.267252072066313,
        2.290472015104484,
        2.3153297705526654,
        2.3408685077922513,
        2.3654753752120143,
        2.385109283497073,
        2.4019968638996545,
        2.422051265640505,
        2.44678357707447,
        2.4631149796793466,
        2.4834586706774644,
        2.5044903836922856,
        2.5205120163845294,
        2.5406150596819117,
        2.561502128068099,
        2.58645268648597,
        2.6064974879196114,
        2.6228288905245023,
        2.639605747383925,
        2.6590764504464204,
        2.6800755224167148,
        2.705096483087459,
        2.729612467598969,
        2.7501923261544334,
        2.770269768632602,
        2.786642772568726,
        2.803499631988231,
        2.819535985151532,
        2.8358187461998767,
        2.8521898300745647,
        2.871845499055979,
        2.8925220007040195,
        2.9137354795353474,
        2.934396620691871,
        2.9590374091970943,
        2.9832730647380714
    ],
    "speeds": [
        1.44,
        7.4,
        19.98,
        23.97,
        24.69,
        25.61,
        26.15,
        26.59,
        26.99,
        26.37,
        26.34,
        26.61,
        26.09,
        26.09,
        26.09,
        26.09,
        26.09,
        25.62,
        26.02,
        26.17,
        27.29,
        26.03,
        18.82,
        4.03,
        -12.33,
        -20.87,
        -22.58,
        -23.48,
        -24.96,
        -25.33,
        -25.73,
        -25.86,
        -25.97,
        -25.33,
        -25.11,
        -27.0,
        -26.05,
        -26.07,
        -25.44,
        -25.47,
        -26.83,
        -27.74,
        -26.37,
        -26.54,
        -26.26,
        -26.26,
        -26.82,
        -26.85,
        -27.0,
        -26.56,
        -26.75,
        -26.61,
        -26.13,
        -26.61,
        -25.87,
        -26.41,
        -25.81,
        -26.1,
        -26.22,
        -26.73,
        -12.22,
        3.11,
        13.86,
        13.18,
        -8.5,
        -9.81,
        0.82,
        7.71,
        -0.2,
        -6.17,
        -2.57,
        4.81,
        2.36,
        -0.91,
        -3.03,
        -2.5,
        0.37,
        1.78,
        0.19,
        -0.03,
        0.0,
        0.0,
        0.0,
        0.0,
        0.0,
        0.0,
        0.0,
        0.0,
        0.0,
        0.0,
        0.0,
        0.0,
        0.0
    ],
    "positions": [
        9,
        247,
        689,
        1329,
        2025,
        2786,
        3458,
        4011,
        4840,
        5521,
        6366,
        6937,
        7510,
        7510,
        7510,
        7510,
        7510,
        7510,
        8353,
        8926,
        9507,
        38209,
        38730,
        38617,
        38243,
        37724,
        37249,
        36724,
        36186,
        35619,
        35051,
        34492,
        33913,
        33360,
        32745,
        31820,
        30943,
        30330,
        29613,
        28887,
        28263,
        27606,
        27023,
        26427,
        25813,
        25197,
        24579,
        23972,
        23344,
        22728,
        22124,
        21512,
        20899,
        20266,
        19652,
        19020,
        18406,
        17780,
        17171,
        16401,
        16083,
        16280,
        16625,
        16792,
        16546,
        16374,
        16540,
        16696,
        16589,
        16457,
        16461,
        16582,
        16630,
        16573,
        16519,
        16495,
        16523,
        16563,
        16565,
        16565,
        16565,
        16565,
        16565,
        16565,
        16565,
        16565,
        16565,
        16565,
        16565,
        16565,
        16565,
        16565,
        16565
    ]
}