{
    "name": "R\u00e9ponse temporelle du syst\u00e8me en boucle ouverte \u00e0 une entr\u00e9e en echellon",
    "speed_order": 255,
    "times": [
        0.0,
        0.008476790449694072,
        0.025014258310315007,
        0.037293782011381005,
        0.05556924325763468,
        0.0723087167768961,
        0.08807912167567267,
        0.10038533122411764,
        0.11699354761034453,
        0.1337320902279533,
        0.1504998010973475,
        0.16621621370026585,
        0.1818417082417696,
        0.19965761437212937,
        0.215549346786311,
        0.23218673142432333,
        0.2474578627366899,
        0.26400277781053205,
        0.28047911646262413,
        0.2965359287698881,
        0.3131835533260814,
        0.3263936683793194,
        0.3425510180650777,
        0.3589426446667714,
        0.37546087389323635,
        0.3916473918307801,
        0.40804243173853383,
        0.4247604945197825,
        0.4406087848568374,
        0.4573243652336787,
        0.4738757966190894,
        0.4900129767690391,
        0.5063682982062767,
        0.5225932934121333,
        0.5390649775559613,
        0.5535020209874881,
        0.5698877518787153,
        0.5862620016495583,
        0.6025602277854292,
        0.6192519150198503,
        0.6353540312075472,
        0.651815475433196,
        0.6683678377202593,
        0.6846347235004888,
        0.701104856141562,
        0.7174226312121403,
        0.733934344127035,
        0.7502800462471946,
        0.7665931668095087,
        0.7828761882183848,
        0.7991874469773936,
        0.815710951313223,
        0.832248419173844,
        0.8485891564851888,
        0.8649379616108579,
        0.8816684364141425,
        0.8978866050078791,
        0.9139415555118378,
        0.9303589370592569,
        0.9466701958182657,
        0.9631133323114103,
        0.9796511104725818,
        0.9957569502668902,
        1.0158678392717624,
        1.0321623418010217,
        1.0486067194963704,
        1.0652441041343828,
        1.0818641119415444,
        1.0980310809443816,
        1.1144732865358735,
        1.1311823506011454,
        1.1474424097692548,
        1.1637921457965765,
        1.1803922943684801,
        1.1965859492186945,
        1.2130371535261624,
        1.2293571007005974,
        1.2458439895714193,
        1.2625096115595644,
        1.2790846257868447,
        1.2949952865346326,
        1.3112963053754614,
        1.3278167067057813,
        1.3442511547835005,
        1.360602442313577,
        1.3770145487516299,
        1.3936857561496918,
        1.4097124693035186,
        1.426091994183727,
        1.4423545357562428,
        1.4588600426601204,
        1.4751765765284945,
        1.4916091628029085,
        1.5080017203062548,
        1.524348353328067,
        1.540790558919559,
        1.5570140026226609,
        1.5770280778556502,
        1.5936862526305733,
        1.6100487109804815,
        1.626410238428738,
        1.6428937139935007,
        1.6593567097219033,
        1.6758603548224746,
        1.6921998509316154
    ],
    "speeds": [
        0.0,
        1.72,
        5.3,
        9.22,
        13.65,
        16.08,
        17.63,
        18.94,
        19.43,
        19.72,
        20.71,
        20.91,
        21.2,
        20.93,
        20.3,
        20.79,
        20.46,
        20.26,
        20.21,
        20.79,
        20.94,
        20.93,
        20.11,
        20.34,
        20.67,
        20.29,
        20.67,
        20.32,
        20.66,
        20.73,
        20.05,
        20.37,
        20.49,
        20.31,
        20.77,
        20.56,
        20.91,
        20.97,
        20.65,
        20.95,
        20.98,
        21.0,
        20.94,
        20.49,
        20.79,
        20.87,
        20.6,
        20.86,
        20.42,
        20.74,
        20.7,
        20.35,
        20.33,
        20.01,
        20.45,
        20.81,
        20.43,
        20.63,
        20.49,
        20.11,
        20.47,
        20.24,
        20.68,
        20.76,
        20.68,
        21.05,
        20.77,
        21.34,
        20.86,
        20.59,
        21.01,
        21.07,
        20.73,
        21.04,
        20.65,
        20.9,
        20.77,
        20.42,
        20.81,
        20.48,
        20.44,
        20.37,
        19.98,
        20.56,
        20.47,
        20.33,
        20.28,
        20.05,
        20.47,
        20.56,
        20.28,
        20.67,
        20.37,
        20.72,
        20.35,
        20.0,
        20.35,
        20.43,
        20.91,
        21.0,
        20.65,
        20.55,
        20.37,
        19.95,
        20.21
    ],
    "positions": [
        0,
        22,
        166,
        371,
        611,
        748,
        1182,
        1489,
        1806,
        2134,
        2474,
        2826,
        3175,
        3342,
        3665,
        4001,
        4334,
        4666,
        5170,
        5509,
        5852,
        6194,
        6528,
        6862,
        7200,
        7535,
        7870,
        8206,
        8544,
        8712,
        9050,
        9390,
        9727,
        10069,
        10418,
        10936,
        11283,
        11634,
        11982,
        12326,
        12675,
        13026,
        13373,
        13714,
        14060,
        14410,
        14758,
        15101,
        15445,
        15792,
        16136,
        16476,
        16821,
        17165,
        17509,
        17854,
        18199,
        18539,
        18878,
        19218,
        19560,
        19901,
        20247,
        20592,
        20938,
        21285,
        21634,
        21979,
        22323,
        22672,
        23026,
        23374,
        23721,
        24071,
        24418,
        24761,
        25104,
        25449,
        25797,
        26143,
        26485,
        26830,
        27173,
        27511,
        27850,
        28188,
        28523,
        28864,
        29207,
        29548,
        29889,
        30234,
        30580,
        30924,
        31266,
        31610,
        31954,
        32299,
        32648,
        33000,
        33345,
        33692,
        34035,
        34376,
        34716
    ]
}