{
    "name": "R\u00e9ponse temporelle du syst\u00e8me en boucle ouverte \u00e0 une entr\u00e9e en echelon",
    "speed_order": 255,
    "times": [
        0.0,
        0.02161638208191974,
        0.04613770400381867,
        0.07062957990748231,
        0.09509471401906922,
        0.12001385765674755,
        0.14460218429361404,
        0.16933894289996587,
        0.19401680946984,
        0.21826230032294447,
        0.242831697376662,
        0.27154877642780306,
        0.2963447275402018,
        0.3212542561515157,
        0.34587563444150504,
        0.37404766168568315,
        0.39912785701494613,
        0.42714964947219514,
        0.45207630484922134,
        0.47695188039868697,
        0.5048012033205502,
        0.5296797835657578,
        0.5547966361830277,
        0.5828298464840884,
        0.6080719949136508,
        0.6359504633841766,
        0.6607316914874595,
        0.6894088080852754,
        0.7145472945118634,
        0.7426949837205612,
        0.77095865418476,
        0.7962605960595219,
        0.8244840036008299,
        0.8496588468458519,
        0.8777251088000355,
        0.9027524214842977,
        0.9309776318430458,
        0.956206259141787,
        0.9842202393901189,
        1.0084519086428294,
        1.0368964617904872,
        1.0617191546949591,
        1.0904377360939677,
        1.1152733491901152,
        1.1438335831237083,
        1.1688029051802182,
        1.1975311016055912,
        1.2260162181457197,
        1.2511868548167087,
        1.2794352013326424,
        1.3044279600159143,
        1.3329797808014376,
        1.361230831543537,
        1.3855766792343083,
        1.4142522934842603,
        1.4390833995367984,
        1.4681676524071818,
        1.496170214811709,
        1.5209340156797069,
        1.5497673764559252,
        1.578349845137982,
        1.6032034864085603,
        1.6317967719952762,
        1.6600514283722632,
        1.6853545721253198
    ],
    "speeds": [
        0.55,
        7.64,
        18.19,
        25.7,
        28.04,
        28.31,
        29.0,
        28.78,
        28.93,
        29.74,
        28.93,
        29.23,
        28.71,
        29.34,
        29.07,
        29.02,
        29.54,
        28.93,
        29.24,
        29.48,
        29.38,
        29.39,
        28.81,
        28.97,
        29.8,
        28.79,
        29.14,
        29.43,
        29.02,
        29.41,
        29.09,
        28.86,
        29.03,
        29.02,
        29.39,
        29.48,
        29.05,
        29.62,
        29.43,
        28.82,
        29.04,
        28.99,
        29.45,
        29.14,
        29.11,
        29.73,
        28.98,
        29.52,
        29.08,
        28.51,
        29.0,
        29.01,
        29.24,
        29.27,
        29.34,
        29.7,
        29.48,
        29.06,
        29.38,
        29.6,
        29.11,
        30.51,
        30.03,
        29.67,
        29.23
    ],
    "positions": [
        20,
        348,
        901,
        1568,
        2274,
        3010,
        3757,
        4503,
        5260,
        6020,
        6781,
        7544,
        8303,
        9076,
        9846,
        10625,
        11409,
        12193,
        12974,
        13756,
        14539,
        15324,
        16112,
        16904,
        17706,
        18506,
        19306,
        20106,
        20906,
        21706,
        22508,
        23308,
        24110,
        24912,
        25712,
        26510,
        27310,
        28108,
        28910,
        29712,
        30512,
        31314,
        32114,
        32914,
        33732,
        34550,
        35362,
        36174,
        36984,
        37796,
        38608,
        39418,
        40229,
        41039,
        41853,
        42669,
        43484,
        44304,
        45120,
        45940,
        46756,
        47570,
        48384,
        49197,
        50008
    ]
}