{
    "name": "R\u00e9ponse temporelle du syst\u00e8me en boucle ouverte \u00e0 une entr\u00e9e en echellon",
    "speed_order": 255,
    "times": [
        0.0,
        0.009734438582522209,
        0.02608014070268183,
        0.038368663119724644,
        0.05683216649982814,
        0.07321944889381005,
        0.0937197650900714,
        0.11040183300741457,
        0.12674070851545416,
        0.1430200063177196,
        0.159223280485012,
        0.1756353869230658,
        0.19133380209403228,
        0.21270420103503884,
        0.2286480639417725,
        0.24548621303622298,
        0.26176302843408106,
        0.2780972494338565,
        0.29455931426060644,
        0.31095962927772636,
        0.32675578912222836,
        0.3435380841175144,
        0.35990240427072884,
        0.37616525614379626,
        0.3928265339242287,
        0.41338363512130627,
        0.4297730896191432,
        0.4461414436795197,
        0.4625991642985561,
        0.4783099914915594,
        0.4950609461312041,
        0.5118022814537708,
        0.5280753732450174,
        0.5446053938924162,
        0.5613448674116777,
        0.5751594479380842,
        0.5915352492116819,
        0.6082126626207618,
        0.6243706329076222,
        0.6405763894793219,
        0.6570825169843006,
        0.6734877968102344,
        0.6898279135204781,
        0.7061773392472483,
        0.7227526637750792,
        0.7394424892061959,
        0.7552792984228667,
        0.7717146774022385,
        0.7881950499614918,
        0.804489552490752,
        0.8208200498839169,
        0.8372960782354575,
        0.8537519370511895,
        0.8702484452390902,
        0.8864405485865499,
        0.9027415674273787,
        0.919108059684449,
        0.9354652429249928,
        0.9517637793614142,
        0.9680433874642302,
        0.9806692065801093,
        0.9971052061605832,
        1.013487834046301,
        1.0298254683521364,
        1.0460153995957402,
        1.0622323269872735,
        1.0748004302006837,
        1.0913310714491846,
        1.1076972534057035,
        1.1240652971655285,
        1.1410533214260674,
        1.1564619158824856,
        1.1691833075680442,
        1.1855904491972833,
        1.2013993313643727,
        1.2141368586785788,
        1.230454633749157,
        1.2428076986807888,
        1.2592225978238005,
        1.2753718796952356,
        1.287916400066777,
        1.3043548820516575,
        1.3203424973360702,
        1.3329441130089785,
        1.349377009583943,
        1.361617435415595,
        1.37799913239966,
        1.3942688108848467,
        1.4067450651351887,
        1.4231037998784863,
        1.4391500619670206,
        1.4517737089790428,
        1.468162232575228,
        1.4803393570944952,
        1.496751463532549,
        1.5131008892593192,
        1.5254787782350228,
        1.5421602255512648,
        1.5585177190923583,
        1.570535349128459,
        1.5872102801331316,
        1.6032922267850198,
        1.61588080983479,
        1.6329811628947564,
        1.6487943892695585,
        1.6605386445203099,
        1.6774826061026191,
        1.6933299655380214,
        1.7056371059881181,
        1.7223765795073795,
        1.7383195115124606,
        1.750628824066414,
        1.767094302199224,
        1.7831889711736997,
        1.7956695696317544,
        1.81204475030425,
        1.8280844960812148,
        1.8409005294348004,
        1.8574941616951346,
        1.8733067674688346,
        1.886067257023809,
        1.9024632278332145,
        1.918252871366148,
        1.9314946370755788,
        1.9474192613481573,
        1.9597006468525286,
        1.976087618945959,
        1.9923904995900923
    ],
    "speeds": [
        0.0,
        1.72,
        5.34,
        9.02,
        13.43,
        16.23,
        17.64,
        18.35,
        18.35,
        19.55,
        20.38,
        20.13,
        20.29,
        19.9,
        20.13,
        19.93,
        20.91,
        21.07,
        21.11,
        20.67,
        20.48,
        20.26,
        20.15,
        20.49,
        20.3,
        20.84,
        20.24,
        20.54,
        20.56,
        20.19,
        20.41,
        20.03,
        20.32,
        19.93,
        19.68,
        20.08,
        20.81,
        20.82,
        20.77,
        19.98,
        20.05,
        20.14,
        19.89,
        20.24,
        19.95,
        20.26,
        20.33,
        20.0,
        20.33,
        20.35,
        20.07,
        20.45,
        20.42,
        20.75,
        20.62,
        20.16,
        20.26,
        19.6,
        18.72,
        18.01,
        16.63,
        16.21,
        15.75,
        16.1,
        16.55,
        17.1,
        17.3,
        17.45,
        17.02,
        16.77,
        15.01,
        12.94,
        11.24,
        9.96,
        9.47,
        9.53,
        9.65,
        9.76,
        9.86,
        9.99,
        10.12,
        10.06,
        9.96,
        9.9,
        10.03,
        9.68,
        9.95,
        9.86,
        9.94,
        9.83,
        9.88,
        9.5,
        10.0,
        9.94,
        9.87,
        10.14,
        10.29,
        10.18,
        10.4,
        10.24,
        10.46,
        10.59,
        10.53,
        10.57,
        10.4,
        10.4,
        10.32,
        10.01,
        9.99,
        10.07,
        10.01,
        9.78,
        10.09,
        10.18,
        9.98,
        10.07,
        10.05,
        9.89,
        10.06,
        10.04,
        10.08,
        10.16,
        10.12,
        10.07,
        9.83,
        9.89,
        9.95,
        9.75
    ],
    "positions": [
        0,
        22,
        166,
        362,
        471,
        992,
        1279,
        1573,
        1725,
        2038,
        2370,
        2709,
        3362,
        3681,
        4000,
        4333,
        4666,
        4993,
        5158,
        5491,
        5824,
        6330,
        6499,
        6991,
        7491,
        7823,
        8160,
        8495,
        8827,
        9160,
        9492,
        9818,
        10147,
        10315,
        10647,
        11145,
        11477,
        11806,
        12137,
        12467,
        12799,
        13136,
        13471,
        13806,
        14144,
        14482,
        14817,
        15156,
        15494,
        15832,
        16171,
        16512,
        16850,
        17185,
        17523,
        17857,
        18182,
        18493,
        18781,
        19056,
        19314,
        19561,
        19808,
        20077,
        20344,
        20621,
        20900,
        21175,
        21460,
        21732,
        21930,
        22097,
        22247,
        22391,
        22533,
        22678,
        22823,
        22969,
        23120,
        23271,
        23424,
        23573,
        23721,
        23871,
        24017,
        24163,
        24314,
        24464,
        24613,
        24758,
        24902,
        25048,
        25194,
        25346,
        25498,
        25651,
        25807,
        25963,
        26120,
        26279,
        26434,
        26587,
        26741,
        26899,
        27056,
        27208,
        27361,
        27514,
        27668,
        27815,
        27963,
        28117,
        28270,
        28422,
        28572,
        28723,
        28876,
        29025,
        29175,
        29328,
        29481,
        29633,
        29782,
        29932,
        30083,
        30233,
        30381,
        30526
    ]
}