{
    "name": "R\u00e9ponse temporelle du syst\u00e8me en boucle ouverte \u00e0 une entr\u00e9e en echellon",
    "speed_order": 255,
    "times": [
        0.0,
        0.019201894460636026,
        0.04355211366764422,
        0.06388556433806514,
        0.0883919485423661,
        0.11239719671030457,
        0.13705654580947169,
        0.16157637044386775,
        0.18601747255912926,
        0.21036769176613745,
        0.23522800729624294,
        0.26014464462863884,
        0.2847745527856915,
        0.3095945470255117,
        0.3341866939742175,
        0.3591218919005428,
        0.38364619667829913,
        0.4080104963358906,
        0.4362616403724928,
        0.46151300841627574,
        0.4860251528048991,
        0.5103683317866228,
        0.5386418765400549,
        0.5633204262536537,
        0.5887433197862464,
        0.6131953022496788,
        0.6411085154724958,
        0.6662709206694615,
        0.691131236199567,
        0.7182565842107067,
        0.7438324426381655,
        0.7683356267400683,
        0.7963384428301765,
        0.8212947614323696,
        0.8469589426861717,
        0.8711945982271487,
        0.8988140420493522,
        0.9239073250344063,
        0.9488591634932391,
        0.976472207110632,
        1.0011705974591223,
        1.0267502960094816,
        1.0513763640436622,
        1.0804614547665636,
        1.1120887068386196,
        1.1369688630036165,
        1.1617344555025824,
        1.1868002176069723,
        1.2146046273480806,
        1.2398227143268628,
        1.2641953342507009,
        1.2888975647220775,
        1.3131056993823904,
        1.334082370635869,
        1.3587564402060934,
        1.3832551441646217,
        1.4073851963262882,
        1.431642612563607,
        1.4528503312106125,
        1.47336554769754,
        1.4972383116259778,
        1.5183980287369252,
        1.5384825114403782,
        1.5631719415021337,
        1.5834401100835294,
        1.6074568786201269,
        1.6293167781369107,
        1.649147172709533,
        1.673940286089163,
        1.6946558289865408
    ],
    "speeds": [
        0.52,
        7.1,
        16.69,
        22.65,
        24.14,
        25.45,
        26.41,
        27.77,
        28.07,
        27.48,
        27.54,
        27.88,
        28.7,
        27.81,
        28.11,
        28.11,
        28.04,
        28.37,
        27.9,
        28.19,
        28.3,
        27.68,
        28.02,
        27.74,
        28.38,
        27.95,
        27.43,
        28.28,
        27.78,
        28.48,
        28.4,
        27.95,
        28.05,
        27.49,
        28.39,
        28.49,
        28.01,
        28.06,
        27.74,
        28.6,
        28.61,
        27.79,
        27.87,
        27.67,
        27.69,
        28.14,
        27.46,
        27.53,
        28.01,
        27.2,
        25.75,
        23.51,
        22.51,
        22.54,
        22.79,
        22.84,
        22.68,
        22.27,
        17.98,
        12.95,
        10.71,
        12.23,
        14.43,
        15.51,
        15.46,
        15.76,
        15.4,
        15.69,
        15.53,
        15.28
    ],
    "positions": [
        21,
        326,
        812,
        1373,
        1968,
        2591,
        3263,
        3978,
        4672,
        5381,
        6084,
        6806,
        7519,
        8230,
        8958,
        9679,
        10409,
        11143,
        11878,
        12617,
        13354,
        14085,
        14823,
        15561,
        16294,
        17038,
        17781,
        18516,
        19257,
        20007,
        20750,
        21485,
        22233,
        22977,
        23717,
        24446,
        25190,
        25922,
        26655,
        27394,
        28131,
        28865,
        29608,
        30536,
        31274,
        32016,
        32748,
        33476,
        34213,
        34908,
        35524,
        36082,
        36618,
        37159,
        37700,
        38261,
        38815,
        39322,
        39642,
        39864,
        40101,
        40412,
        40753,
        41104,
        41456,
        41810,
        42163,
        42512,
        42857,
        43200
    ]
}