{
    "name": "R\u00e9ponse temporelle du syst\u00e8me en boucle ferm\u00e9e \u00e0 une entr\u00e9e en echelon de position",
    "pos_order": 16548,
    "times": [
        0.0,
        0.024151172837534318,
        0.04688982047425583,
        0.07454894556626002,
        0.09997375916029583,
        0.12484943518192892,
        0.15331178597715223,
        0.18198214342859131,
        0.20947550321610464,
        0.23513776440846357,
        0.26401548849563383,
        0.2921885500336039,
        0.31996095875068065,
        0.34569362219591326,
        0.3745559857915488,
        0.4030567378156107,
        0.43241319722231353,
        0.4605587378796123,
        0.4894300617619791,
        0.518203462510801,
        0.5466702934493917,
        0.575336810777948,
        0.6038407629044151,
        0.632297353515316,
        0.6493410989151656,
        0.652719127012066,
        0.655488495631861,
        0.6583698678357734,
        0.6606451406445011,
        0.6651867259752322,
        0.6847284713110824,
        0.7092335754744177,
        0.7327607283433082,
        0.7541642932573858,
        0.778905564978082,
        0.8037844411021169,
        0.8280840986911606,
        0.8487938814042053,
        0.8738302025664844,
        0.8978328906525022,
        0.921506608211466,
        0.942579922557524,
        0.967206630612182,
        0.9919031008992292,
        1.0125360811546003,
        1.0373061537969228,
        1.0619706230599384,
        1.0837217190950135,
        1.106498127940096,
        1.130893788601238,
        1.1519319018208591,
        1.177630644180617,
        1.1975762424397587,
        1.2211661173157573,
        1.2461166757336244,
        1.2663291625332036,
        1.292376716054914,
        1.313156901020836,
        1.3380536977183297,
        1.3611737975615235,
        1.3823795961470786,
        1.4067829370539862,
        1.4275234407501074,
        1.4519421421485497,
        1.4722839130852208,
        1.4968126980063374,
        1.5172082306633818,
        1.542120387852414,
        1.562010304329739,
        1.5866094915037294,
        1.6096732695446256,
        1.6316432525840838,
        1.655513456430608,
        1.6767685365931726,
        1.7005369771832726,
        1.721944382220233,
        1.7459169893436624,
        1.7668411789177263,
        1.7911869179813777,
        1.8119376620051852,
        1.8363179621747925,
        1.8564248455950612,
        1.8808659477103298,
        1.9020000640020491,
        1.9264917277352893,
        1.9470792665365302,
        1.971574130372172,
        1.9922723927165684,
        2.0166443726199255,
        2.0371282281033025,
        2.06202118467791,
        2.082233031457008,
        2.1069435821946314,
        2.127963134820316,
        2.1525911229159362,
        2.172911133156262,
        2.197396396684695,
        2.2183525872827943,
        2.2421459886716377,
        2.265514416461329,
        2.287453038497233,
        2.3110269128612124,
        2.3325469615027714,
        2.356436365963713,
        2.3775916029312967,
        2.4017242151748874,
        2.422738647636727,
        2.447001824058372,
        2.467981695414256,
        2.4921360683541884,
        2.5127095267048567,
        2.5372619923837583,
        2.557605683381869,
        2.5825805625780056,
        2.6027367275752837,
        2.627518320586262,
        2.647926013632439,
        2.672774808793882,
        2.6927511280361003,
        2.7171467886972387,
        2.738063298025537,
        2.7623027936894005,
        2.7831117795769487,
        2.807615603699322,
        2.8282165829306543,
        2.852492559761913,
        2.8759454702550507,
        2.8975756024192805,
        2.9215968510992383,
        2.94272200710423,
        2.967082466638935,
        2.9879413741239738
    ],
    "speeds": [
        0.55,
        7.12,
        16.16,
        21.95,
        24.15,
        25.58,
        27.37,
        27.61,
        27.04,
        27.41,
        27.21,
        27.43,
        27.97,
        27.3,
        27.74,
        27.6,
        27.61,
        27.64,
        27.42,
        27.2,
        27.73,
        27.41,
        27.51,
        27.51,
        27.51,
        27.51,
        27.51,
        27.51,
        27.71,
        20.39,
        4.21,
        -10.84,
        -4.91,
        5.84,
        1.68,
        -5.7,
        1.37,
        3.57,
        -4.06,
        -1.86,
        4.71,
        -1.17,
        -4.38,
        3.09,
        3.45,
        -3.49,
        -2.08,
        3.68,
        1.86,
        -2.95,
        -1.75,
        2.26,
        2.09,
        -1.53,
        -2.15,
        0.67,
        1.79,
        0.02,
        -1.29,
        -0.5,
        0.53,
        0.37,
        -0.04,
        -0.04,
        0.0,
        0.0,
        0.0,
        0.0,
        0.0,
        0.0,
        0.0,
        0.0,
        0.0,
        0.0,
        0.0,
        0.0,
        0.0,
        0.0,
        0.0,
        0.0,
        0.0,
        0.0,
        0.0,
        0.0,
        0.0,
        0.0,
        0.0,
        0.0,
        0.0,
        0.0,
        0.0,
        0.0,
        0.0,
        0.0,
        0.0,
        0.0,
        0.0,
        0.0,
        0.0,
        0.0,
        0.0,
        0.0,
        0.0,
        0.0,
        0.0,
        0.0,
        0.0,
        0.0,
        0.0,
        0.0,
        0.0,
        0.0,
        0.0,
        0.0,
        0.0,
        0.0,
        0.0,
        0.0,
        0.0,
        0.0,
        0.0,
        0.0,
        0.0,
        0.0,
        0.0,
        0.0,
        0.0,
        0.0,
        0.0,
        0.0,
        0.0,
        0.0
    ],
    "positions": [
        20,
        325,
        824,
        1408,
        2036,
        2742,
        3493,
        4235,
        4976,
        5722,
        6470,
        7228,
        7987,
        8744,
        9507,
        10271,
        11042,
        11822,
        12601,
        13383,
        14168,
        14953,
        15723,
        16008,
        16008,
        16008,
        16008,
        16008,
        16008,
        16942,
        16716,
        16341,
        16495,
        16744,
        16521,
        16417,
        16659,
        16606,
        16394,
        16572,
        16686,
        16460,
        16461,
        16672,
        16590,
        16430,
        16518,
        16641,
        16576,
        16469,
        16512,
        16604,
        16598,
        16515,
        16501,
        16565,
        16585,
        16546,
        16521,
        16532,
        16553,
        16547,
        16546,
        16546,
        16546,
        16546,
        16546,
        16546,
        16546,
        16546,
        16546,
        16546,
        16546,
        16546,
        16546,
        16546,
        16546,
        16546,
        16546,
        16546,
        16546,
        16546,
        16546,
        16546,
        16546,
        16546,
        16546,
        16546,
        16546,
        16546,
        16546,
        16546,
        16546,
        16546,
        16546,
        16546,
        16546,
        16546,
        16546,
        16546,
        16546,
        16546,
        16546,
        16546,
        16546,
        16546,
        16546,
        16546,
        16546,
        16546,
        16546,
        16546,
        16546,
        16546,
        16546,
        16546,
        16546,
        16546,
        16546,
        16546,
        16546,
        16546,
        16546,
        16546,
        16546,
        16546,
        16546,
        16546,
        16546,
        16546,
        16546,
        16546
    ]
}