{
    "name": "R\u00e9ponse temporelle du syst\u00e8me en boucle ouverte \u00e0 une entr\u00e9e en echellon",
    "speed_order": 255,
    "times": [
        0.0,
        0.014059407661072498,
        0.026321554531288704,
        0.04277927515032509,
        0.061385516783847294,
        0.07692009326393379,
        0.08950340120433875,
        0.10598842827185617,
        0.12242908236059336,
        0.13934821989882984,
        0.15555863097879374,
        0.17189192107691742,
        0.1877377290095641,
        0.204059227686753,
        0.22100380987016432,
        0.23738767895808532,
        0.2538447789760214,
        0.2701346269970175,
        0.28680583439507856,
        0.30248904483905026,
        0.31935791368804,
        0.3356567604250129,
        0.3519916020258904,
        0.36798449241966846,
        0.3844620722739638,
        0.4009300328111802,
        0.41749604832248455,
        0.433801411371026,
        0.4501964512787797,
        0.46599602442934174,
        0.4791900038539332,
        0.4991280554519504,
        0.5154697236649479,
        0.5321297602431772,
        0.5486523336773539,
        0.5628467220780706,
        0.5791617044436901,
        0.5955232318919466,
        0.6120036044511998,
        0.628473737092273,
        0.6449708658812758,
        0.6613150164986807,
        0.6778419341405701,
        0.694035899291336,
        0.7105457504029253,
        0.7270410173886228,
        0.7433317963112716,
        0.7597324216289421,
        0.7760607469182501,
        0.7926404156537945,
        0.8088508267337584,
        0.8252346958216794,
        0.8416592142817692,
        0.8579360296796272,
        0.8779941675908454,
        0.8945437371729517,
        0.9109511891027413,
        0.9274048758146165,
        0.9439566175005787,
        0.9603147316427751,
        0.976636230319964,
        0.9933074377180251,
        1.0098110828185964,
        1.0259358509465102,
        1.0424298767300035,
        1.0586827989854415,
        1.0749835075257197,
        1.0914312985271275,
        1.1077881714671198,
        1.124553089631556,
        1.1441702904599342,
        1.1608554613827868,
        1.1772436746784205,
        1.193660745925289,
        1.2101408081839908,
        1.2268725241894796,
        1.2429715373716679,
        1.2594351537011725,
        1.2758184021879915,
        1.2922137523962967,
        1.3086016553913797,
        1.3249451854076826,
        1.34141655925096,
        1.3578916567008479,
        1.3740803467422484,
        1.3944332701768278,
        1.410594033168647,
        1.4270502022849296,
        1.4435761890251664,
        1.4600813856284924,
        1.4765431401546918,
        1.4928773611544672,
        1.509286054286461,
        1.5260391810299625,
        1.5420773753041725,
        1.5584770697201904,
        1.5748237027420027,
        1.5911846095891562,
        1.6112083041392236,
        1.6277854904703606,
        1.6441380192026394,
        1.6608405669563426,
        1.677177580661077,
        1.6936604356247376,
        1.7100328235922753,
        1.7263415999468767,
        1.7428201107028247,
        1.7631541058037996,
        1.7792614971008627,
        1.7958281332132682,
        1.8121192224364675,
        1.8287631233860493,
        1.845162197200965,
        1.8615848538577495,
        1.8779625169346525,
        1.8944388555867446,
        1.9110414865630556,
        1.930670168511818,
        1.9471775372189999,
        1.9637367261181842,
        1.9801271115176746,
        1.9967207437780088,
        2.0130065578918437,
        2.0295344064353857,
        2.0460001948687463,
        2.062249083217023,
        2.0787027699288982,
        2.0954881679296937,
        2.1151249176927793,
        2.131856633698268,
        2.1483155955195086,
        2.1647131178316696,
        2.181143221701676,
        2.1973595284921075,
        2.2136953009946376,
        2.2302349409591145,
        2.2501791985681496,
        2.2666695007450324,
        2.2831964183869218,
        2.299731093542584,
        2.3166378190587844,
        2.332593473386453,
        2.34894165791102,
        2.365393172519039,
        2.381769594393738,
        2.398164944602043,
        2.41825349196725,
        2.4346727353179745,
        2.451172967112486,
        2.467681577021872,
        2.484207253461558,
        2.500600121265456,
        2.516939307074046,
        2.5333296924735365,
        2.5499515620840034,
        2.5661660070711294,
        2.5862694488627804,
        2.6027696806572918,
        2.6192373308939585,
        2.6357468717049963,
        2.652050062649681,
        2.6685639476684324,
        2.6850579734519266,
        2.701356509888348,
        2.717700660505753,
        2.73814139899624,
        2.754216208735458,
        2.7706435199005055,
        2.787194951285916,
        2.8037299367421307,
        2.8201165985350096,
        2.836471299371145,
        2.8528610641695336,
        2.86924648476021,
        2.8892456655667553,
        2.90581912829128,
        2.9221958604665312,
        2.9385232548541866,
        2.9550812025511677,
        2.9718020580373734,
        2.988017433926152,
        3.0046095146837333,
        3.0209961764766122,
        3.037047093073409,
        3.0572942040201303,
        3.073596774363714,
        3.090018189818294,
        3.1064464318849963,
        3.1227896516007485,
        3.1398024999053584,
        3.155426132643556,
        3.168283746270963,
        3.1848435557712493,
        3.2015613082519474,
        3.217366466812426,
        3.233865147104182,
        3.2501959547978982,
        3.2665646191588253,
        3.282991309722772,
        3.299192722086759,
        3.3158608264793115,
        3.332258659092024,
        3.348499169325426,
        3.3650242251640092,
        3.3811638877183663,
        3.397627504047871,
        3.4140157173435055,
        3.4303241833975564,
        3.446890819509961,
        3.4629814545772755,
        3.47964676626487,
        3.495935993684763,
        3.512263077771869,
        3.528651601368053,
        3.5450056816030875,
        3.5614559550089036,
        3.5776803296136572,
        3.594215935670973,
        3.6104359660680148,
        3.6267528102369395,
        3.643075860416883,
        3.65954754456071,
        3.6758947981836245,
        3.6922454651125998,
        3.7084955946630798,
        3.724984345337208,
        3.7412754345604062,
        3.7576220675822194,
        3.7738901945646512,
        3.7868318996413555,
        3.8033637820920587,
        3.819523924482776,
        3.8359862996100764,
        3.8523453446539255,
        3.8687568304908764,
        3.8851040841137907,
        3.9014764720813284,
        3.917834586223525,
        3.9342578634814105,
        3.9506113231153437,
        3.9670370827776376,
        3.983491390090614,
        3.999734693028974,
        4.016744438328076,
        4.032651375469253,
        4.048811828160519,
        4.065284443206001,
        4.081604700680987,
        4.097978019550177,
        4.11448911186397,
        4.130854673219388,
        4.14717772339933,
        4.163526528525,
        4.179947323378479,
        4.196264788148505,
        4.212536949038099,
        4.229012046487989,
        4.245278311667115,
        4.261580882010699,
        4.2780354996242265,
        4.294305488409965,
        4.310649328726819,
        4.327004339863506,
        4.339776620839413,
        4.3562014496000545,
        4.372474851691853,
        4.389018215262939,
        4.405376329405136,
        4.421737856853391,
        4.438094109192282,
        4.454457808744395,
        4.470873638789059,
        4.487278608314441,
        4.503628964942865,
        4.520446323900404,
        4.536446971807954,
        4.552819980376593,
        4.569157614682429,
        4.585579030137011,
        4.6019839996623935,
        4.618408207821932,
        4.634737774313446,
        4.651134055423403,
        4.667530026232808,
