{
    "name": "R\u00e9ponse temporelle du syst\u00e8me en boucle ferm\u00e9e \u00e0 une entr\u00e9e en echelon de position",
    "pos_order": 16991,
    "times": [
        0.0,
        0.026616480623740557,
        0.04784335912824389,
        0.07573667815928076,
        0.10123888526566915,
        0.12598522963570957,
        0.15432912221999828,
        0.18186403047003807,
        0.20737199774969284,
        0.23563332785050406,
        0.26444251443083644,
        0.2897584759349563,
        0.31823933263912707,
        0.3466446670715868,
        0.37480423411136243,
        0.40001395241969107,
        0.4291034674323022,
        0.4577929704125516,
        0.48637879027401354,
        0.5145421974293001,
        0.5434486669359018,
        0.5714392688932115,
        0.5977888614889544,
        0.6261308340154876,
        0.6542737605547195,
        0.6831232683479129,
        0.7073793579710888,
        0.7326031567029538,
        0.7569117279047788,
        0.7808119668239648,
        0.8024375773223262,
        0.8272024822506694,
        0.8506796684444282,
        0.8758906667912605,
        0.895601339688298,
        0.9212629115883821,
        0.9453545162638513,
        0.968955226173204,
        0.9893385593038673,
        1.0144893958410286,
        1.03969783411085,
        1.0633855866384465,
        1.0837605995188362,
        1.1083162181518453,
        1.133240487873877,
        1.1573596133771709,
        1.1786357733640642,
        1.202964185162692,
        1.2270833106659857,
        1.2507269018652103,
        1.2719742609857718,
        1.2967046048745168,
        1.322558822569384,
        1.345371028760546,
        1.3661748545396257,
        1.3909999212776327,
        1.4161910790276586,
        1.4399965950975826,
        1.4611978728320167,
        1.4858629347570798,
        1.5105267166436391,
        1.5340954255904045,
        1.5562311314324369,
        1.5809192340505618,
        1.6045193039406627,
        1.6285955481540917,
        1.648806076086771,
        1.6734122562406704,
        1.6980965187432844,
        1.723237754991672,
        1.7460646816256258,
        1.7677690144919573,
        1.792279191758091,
        1.816708726598499,
        1.8373659879689193,
        1.8619024060243738,
        1.8864183434637738,
        1.910901639921331,
        1.9344095470391771,
        1.956105559655235,
        1.9805907761705477,
        2.0050868730131413,
        2.0258273368862945,
        2.0503119133823553,
        2.0749430542870755,
        2.098677528220051,
        2.120006809804842,
        2.1445291474367565,
        2.1697894272659752,
        2.1904326082128556,
        2.215123910927243,
        2.2394504026681155,
        2.2642914698874144,
        2.285202178881544,
        2.309106257916241,
        2.333819321285187,
        2.3572568262853366,
        2.3788280351473006,
        2.40356477922856,
        2.427897031142699,
        2.4511310100207844,
        2.4731451122049783,
        2.497917057345088,
        2.522237788912694,
        2.5455492101202424,
        2.5672285822357566,
        2.5917573200601893,
        2.615614677689507,
        2.6367743541725766,
        2.661478457271997,
        2.68619408071795,
        2.7092130131274352,
        2.7311919142527827,
        2.7550204710157686,
        2.7810897351792363,
        2.804241151573841,
        2.8247294478617917,
        2.8504812624763787,
        2.8742790983152773,
        2.894145935909755,
        2.9186970744080014,
        2.94374230776862,
        2.9677199890172723,
        2.988383650580211,
        3.0132195976454987,
        3.0380696251343267,
        3.061088557543812,
        3.082638005751214,
        3.1079981285837093,
        3.1316711606685175,
        3.1521172156858484,
        3.1767054753007002,
        3.201807670374727,
        3.2252227747010664,
        3.2464323726857742,
        3.2710084719348345,
        3.2955045687774316,
        3.316074787529608,
        3.340688007895281,
        3.3651956250844037,
        3.38964564054087,
        3.410267060833192,
        3.434787478407351,
        3.459596544664066,
        3.4839415969632412,
        3.5056280092905183,
        3.5298220170462713,
        3.554305313503832,
        3.577939944433531,
        3.599511793314747,
        3.6241256536996644,
        3.6485699089828643,
        3.6691420477927963,
        3.6937578282354764,
        3.718740979728672,
        3.7429509879657203,
        3.7641311450648445,
        3.7884000350730602,
        3.8129684540910986,
        3.8366114052710714,
        3.8570177790947966,
        3.881332750489136,
        3.905825647235467,
        3.9263542647362826,
        3.9509745253137254,
        3.975497502964892,
        3.9998643159186216,
        4.0206867022560075,
        4.045137357731726,
        4.070593483451987,
        4.094178192880044,
        4.1158345243024925,
        4.140815115718681,
        4.165204969365483,
        4.185502539916399,
        4.210614975298462,
        4.234155523398144,
        4.258658020433259,
        4.280330992356255,
        4.304641483615832,
        4.32895581499092,
        4.352255715851932,
        4.3731286637102045,
        4.398193097648381,
        4.42207797610552,
        4.443386777074259,
        4.468001277478429,
        4.492447452819384,
        4.515534867288807,
        4.537455526662242,
        4.562138509126356,
        4.586578284274793,
        4.609575456029717,
        4.631141544737666,
        4.655645321811285,
        4.68137793584831,
        4.700697556982519,
        4.725374139254107,
        4.750565937023389,
        4.774221048569146,
        4.7956136920598595,
        4.820077147920614,
        4.844801091616837,
        4.8685227651647764,
        4.888961139951093,
        4.913769566188556,
        4.939177050445679,
        4.9626471964276675,
        4.983277576989515,
        5.008560897511799,
        5.0330525142196265,
        5.056136728592797,
        5.0776260149905355,
        5.101916025634054,
        5.1259961099629905,
        5.146965060709029,
        5.171662123596683,
        5.196211342037174,
        5.219933015585113,
        5.241246296688608,
        5.265869757362303,
        5.290271771374883,
        5.310920712495033,
        5.3358033809657,
        5.359998668759957,
        5.3839296286032265,
        5.405244189745233,
        5.429739646568571,
        5.4545359124402495,
        5.477867174244601,
        5.499313579352467,
        5.523979921316034,
        5.548356334558548,
        5.569251043071375,
        5.593564734427211,
        5.618959418299305,
        5.642722693098612,
        5.664069255203195,
        5.688045656413344,
        5.7130288079065465,
        5.73313053256642,
        5.758138644810437,
        5.783356043349784,
        5.807581412048876,
        5.827678016554742,
        5.852887094843815,
        5.877612958597794,
        5.901760244948171,
        5.922376545086479,
        5.947200331785979,
        5.971685548301295,
        5.994671839728937,
        6.016702582413679,
        6.041405405474599,
        6.065989184954688,
        6.086096669787828,
        6.111266706902548,
        6.135539437026267,
        6.159845448151081,
        6.180218540973712,
        6.204541192599073,
        6.229875714661496,
        6.253105213404822,
        6.27483066690646,
        6.298746266287694,
        6.323667975932715,
        6.34442316024866,
        6.36941143189587,
        6.393775684772599,
        6.417787287041598,
        6.4386730352849,
        6.463274095284788,
        6.488021719693329,
        6.5112569786099215,
        6.532513298000005,
        6.5569581933024566,
        6.581262284369515,
        6.602137792304795,
        6.6265692472029585,
        6.651373833324911,
        6.674679494359189,
        6.696177101007201,
        6.720776880968579,
        6.7450739318238675,
        6.765795835138725,
