{
    "name": "R\u00e9ponse temporelle du syst\u00e8me en boucle ouverte \u00e0 une entr\u00e9e en echellon",
    "speed_order": 255,
    "times": [
        0.0,
        0.010008123668423075,
        0.022302231495381797,
        0.03867927397118365,
        0.056964664835065904,
        0.07325885706377466,
        0.0894630621327206,
        0.10198213785908816,
        0.11880384102433972,
        0.13512254699656978,
        0.15152720622140237,
        0.16770969025178406,
        0.1833485277169764,
        0.2007855568746777,
        0.21695935248963494,
        0.2334626872896557,
        0.24985369329024731,
        0.2663263083357279,
        0.2827905452663346,
        0.29903260700249046,
        0.31546891688351497,
        0.33154403692328316,
        0.34766011663577157,
        0.36408401449475924,
        0.3808812039164895,
        0.3967996221780492,
        0.4130913320023515,
        0.42992389568688427,
        0.44587489550628945,
        0.4627415922514233,
        0.4793237433913742,
        0.49504667230586197,
        0.5115816577620755,
        0.5320528057065514,
        0.5478384153323228,
        0.5628343100560347,
        0.5792535534067591,
        0.5956597641343455,
        0.6122009556015771,
        0.6287070831065558,
        0.6450450277129427,
        0.6617084775972311,
        0.6779980153176766,
        0.6942503169720133,
        0.7108324681119642,
        0.7273305278026196,
        0.7468993217450564,
        0.7634774389778451,
        0.7803124850667862,
        0.7964447004079211,
        0.8130311957555856,
        0.8296090026878238,
        0.8461083035806825,
        0.8619770737540966,
        0.8791531401484853,
        0.8985677147171209,
        0.915046846074171,
        0.9313317292863523,
        0.9479992130778028,
        0.9644839298447696,
        0.9808733843426065,
        0.9974369174495035,
        1.0138487135870067,
        1.0301742461713568,
        1.0466844075834976,
        1.0667921935828604,
        1.0833755859250154,
        1.099864646899694,
        1.1162013503038777,
        1.1325970108127335,
        1.1489815005017565,
        1.1653340292340362,
        1.1817247249340772,
        1.2016087842362362,
        1.2181893838734323,
        1.234642760284757,
        1.2511867444569464,
        1.2676233646385215,
        1.2841325951490097,
        1.3004767457664146,
        1.3173934009002446,
        1.3333797749824532,
        1.3537122185806734,
        1.3697708926912435,
        1.3861650016973446,
        1.4028107644502317,
        1.4192812073918555,
        1.4356759369990586,
        1.4520939391475798,
        1.4684889790553335,
        1.4849885902487436,
        1.5012331343893068,
        1.5216912497106447,
        1.5377955380021984,
        1.5543876187597787,
        1.5709741141074423,
        1.5872611694234804,
        1.6035550513516386,
        1.6200000496480884,
        1.6401937889000529,
        1.6565807609934833,
        1.6733267508243133,
        1.690087945382139,
        1.7060206374690399,
        1.7224349160109504,
        1.7385928862978108,
        1.758840928146184,
        1.77524341526716,
        1.7918907295228017,
        1.8084558141324525,
        1.8248368905154155,
        1.84121827719893,
        1.8612295597269606,
        1.8776730065206566,
        1.8941813061294903,
        1.9110011474914375,
        1.9271249847176977,
        1.943498303586888,
        1.9599367855717693,
        1.9798301538904548,
        1.9962928393183068,
        2.012845822206473,
        2.029473277226857,
        2.0458490785004537,
        2.062527422811187,
        2.0788116854222674,
        2.0989421233618453,
        2.1155307908133656,
        2.13196989339935,
        2.14880835279435,
        2.165052276333811,
        2.181245620883476,
        2.197674793851829,
        2.2176500815159548,
        2.234262021508793,
        2.250700193193123,
        2.267105162718507,
        2.2835607112336875,
        2.3000469795034073,
        2.316390509519711,
        2.336287601445007,
        2.3528542375574135,
        2.3695629913221348,
        2.385887593004832,
        2.4024123385428657,
        2.4192020807513748,
        2.4351313595322166,
        2.455400501818052,
        2.471641942953105,
        2.4883004280285794,
        2.504872959851453,
        2.521178633200546,
        2.53762518299975,
        2.5539566112945673,
        2.5738282585746903,
        2.590480537639146,
        2.6070868922220685,
        2.623531269917417,
        2.6399483411642857,
        2.656366963913908,
        2.6727368694770375,
        2.692503945471505,
        2.7094786268083544,
        2.7259022143667915,
        2.7423127693020914,
        2.7587379083632824,
        2.7750845413850955,
        2.791405729761732,
        2.811440595131633,
        2.827887455231388,
        2.8445158411534246,
        2.86091460466779,
        2.8775091678297775,
        2.893710890494316,
        2.9141699367173066,
        2.9303393881245503,
        2.946803004454055,
        2.9634012912226533,
        2.979776471895149,
        2.9962313998092283,
        3.012702773652504,
        3.0290320298434663,
        3.0457910522974343,
        3.061967950917901,
        3.0782602813433035,
        3.0945811594193904,
        3.1111571045483233,
        3.1273789967486705,
        3.1437827250718504,
        3.1601268756892553,
        3.1765262598047217,
        3.1932927294719127,
        3.20927879325357,
        3.225606808242328,
        3.242043738724454,
        3.2584297799162316,
        3.2747801365446554,
        3.2912105507152125,
        3.3075053635450233,
        3.324246078266488,
        3.340572852053042,
        3.3568583558663248,
        3.373240673451492,
        3.38955534551656,
        3.4057837540284774,
        3.4224965417003608,
        3.4388462777276816,
        3.455241317635436,
        3.471726344702952,
        3.4883634190404136,
        3.5043302441879165,
        3.520697977647189,
        3.5370275441387014,
        3.553448028691631,
        3.569799626522257,
        3.58612577970771,
        3.6026334587154425,
        3.619448955869676,
        3.635311520032073,
        3.6517226955684743,
        3.6680401603385,
        3.6844820556294424,
        3.7009102976961428,
        3.7173292307463166,
        3.733628387783839,
        3.7505090480537637,
        3.766485492518343,
        3.782756101905183,
        3.7991368679875963,
        3.8156442366947774,
        3.831876679113857,
        3.8481615623260383,
        3.8646661383282614,
        3.8816014114951463,
        3.8974763876795793,
        3.914016648245158,
        3.930293153342464,
        3.946560970024346,
        3.96298672968664,
        3.9828496885513376,
        3.999256519880025,
        4.012082172550689,
        4.02847286825073,
        4.044886215890988,
        4.064763138280475,
        4.081410452536118,
        4.097601314681374,
        4.114201463253278,
        4.13040070351341,
        4.14729718911143,
        4.163156650268317,
        4.179641056734732,
        4.196011893199516,
        4.212266366957707,
        4.2287659781511175,
        4.245524380003984,
        4.261470104714024,
        4.277848388392029,
        4.294271975950466,
        4.310706734328737,
        4.327155766532349,
        4.343637069993254,
        4.360016905174013,
        4.37680261347536,
        4.392605910232533,
        4.409079145879116,
        4.425413677179443,
        4.441792891759101,
        4.458208721803765,
        4.474634791766609,
        4.491013075444614,
        4.507284615733107,
        4.523742646652695,
        4.540218675004236,
        4.556626437234576,
        4.572872843178446,
        4.589432652678732,
        4.6058441385156845,
        4.62245545790742,
        4.638805193934741,
        4.655182857011645,
        4.6716545411554735,
        4.688030032128519,
        4.704452068184202,
