{
    "name": "R\u00e9ponse temporelle du syst\u00e8me en boucle ferm\u00e9e \u00e0 une entr\u00e9e en echelon de position",
    "pos_order": 16991,
    "times": [
        0.0,
        0.02268292230230351,
        0.04232511313940357,
        0.06669448617014417,
        0.0874023090614564,
        0.10780292271191527,
        0.13246926467548192,
        0.15285707794090442,
        0.17334153411334619,
        0.1993685570061956,
        0.21865169704304854,
        0.24250009440284082,
        0.2634748053221454,
        0.28399766264969273,
        0.3084233573745898,
        0.3292335833461877,
        0.3499503665070254,
        0.37538217149571906,
        0.39527396984101415,
        0.4188497189995477,
        0.4400657171767737,
        0.46019176256821837,
        0.485764371792305,
        0.505323360126674,
        0.5256356511203872,
        0.5502674320443575,
        0.5707730088521075,
        0.5950278184367797,
        0.6164038214269496,
        0.6370918037214572,
        0.6620967158692146,
        0.6820345956006371,
        0.7028461016107368,
        0.7279847777821171,
        0.7479949796889898,
        0.7716251304839261,
        0.7928552090846903,
        0.8124692390747121,
        0.8369576556862839,
        0.8574024306651147,
        0.8779406484547057,
        0.9025903499177268,
        0.9232533714614135,
        0.9469091230264208,
        0.968649936990106,
        0.9885666960862185,
        1.0130071112539074,
        1.0335926904681294,
        1.0540675463517957,
        1.0786218849462994,
        1.0991153013882666,
        1.1229284976892107,
        1.1442072177531113,
        1.164637272289152,
        1.1893880967939516,
        1.2097778301171314,
        1.231057190200282,
        1.2551583951645284,
        1.2761727872774422,
        1.2993274037683058,
        1.320750128163855,
        1.3410022573479026,
        1.3652417064705311,
        1.3861114542325446,
        1.4096200013696425,
        1.4311521690572455,
        1.4515777434585253,
        1.4760501595888016,
        1.4965218153762088,
        1.5212073579173264,
        1.541619491914318,
        1.5658250200166037,
        1.5865827644095525,
        1.6103069980345026,
        1.6317873241627119,
        1.6556677224850915,
        1.6773099734840038,
        1.7010578878212677,
        1.722096600665747,
        1.7476884104673864,
        1.7677114127592972,
        1.7913895649981164,
        1.812009065232683,
        1.8369307748777075,
        1.857070900692694,
        1.8821046137067796,
        1.902521227838534,
        1.9269962040458175,
        1.950734518094304,
        1.9720138781774565,
        1.9968837462630873,
        2.0171992373530614,
        2.0418604591626135,
        2.0651949210632274,
        2.087018937529642,
        2.1110298997793855,
        2.131551477068431,
        2.1561198960864765,
        2.1766478735680366,
        2.2012559737796913,
        2.2255216636916444,
        2.2462365267947284,
        2.2721931475698796,
        2.2916759736132875,
        2.3164831198122435,
        2.3395154926260204,
        2.361063660794919,
        2.3863085801620905,
        2.406161337333028,
        2.4305870320579253,
        2.4547042375034636,
        2.477383319690258,
        2.5021379843105684,
        2.529883458894446,
        2.5531468786581115,
        2.5748160104655966,
        2.599331307885741,
        2.6198861661758777,
        2.645024202328006,
        2.668503948598776,
        2.689929873090584,
        2.714375408412284,
        2.738006199226472,
        2.7594423640263095,
        2.7837266144965653,
        2.804179069706418,
        2.8288684523630465,
        2.853585995866755,
        2.8744416632052285,
        2.8986683119428243,
        2.9231042469757504,
        2.9435733426861503,
        2.968095680318065,
        2.992091282105765
    ],
    "speeds": [
        0.0,
        0.0,
        0.0,
        0.0,
        0.0,
        0.0,
        0.0,
        0.0,
        0.0,
        0.0,
        0.0,
        0.0,
        0.0,
        0.0,
        0.0,
        0.0,
        0.0,
        0.0,
        0.0,
        0.0,
        0.0,
        0.0,
        0.0,
        0.0,
        0.0,
        0.0,
        0.0,
        0.0,
        -0.02,
        -0.02,
        0.0,
        0.0,
        0.0,
        0.0,
        0.0,
        0.0,
        0.0,
        0.0,
        0.0,
        0.0,
        0.0,
        0.0,
        0.0,
        0.0,
        0.0,
        0.0,
        0.0,
        0.0,
        0.0,
        0.0,
        0.0,
        0.0,
        0.0,
        0.0,
        0.0,
        0.0,
        0.0,
        0.0,
        0.0,
        0.0,
        0.0,
        0.0,
        0.12,
        0.2,
        0.4,
        0.65,
        0.56,
        0.2,
        -0.0,
        -0.0,
        -0.0,
        0.06,
        0.34,
        0.91,
        1.56,
        2.15,
        2.62,
        2.86,
        3.08,
        3.1,
        3.27,
        3.3,
        3.49,
        3.56,
        3.71,
        3.65,
        3.78,
        3.81,
        4.07,
        4.16,
        4.07,
        4.1,
        4.21,
        4.06,
        4.02,
        4.11,
        4.09,
        4.04,
        4.02,
        4.18,
        4.05,
        4.11,
        4.26,
        4.4,
        4.47,
        4.72,
        4.81,
        5.03,
        5.13,
        5.24,
        5.43,
        5.44,
        5.52,
        5.82,
        5.8,
        5.95,
        6.1,
        6.27,
        6.39,
        6.53,
        6.73,
        6.96,
        7.12,
        7.27,
        7.37,
        7.53,
        7.66,
        7.65,
        7.97,
        7.82,
        8.15,
        8.28,
        8.23,
        8.41
    ],
    "positions": [
        2,
        2,
        2,
        2,
        2,
        2,
        2,
        2,
        2,
        2,
        2,
        2,
        2,
        2,
        2,
        2,
        2,
        2,
        2,
        2,
        2,
        2,
        2,
        2,
        2,
        2,
        2,
        2,
        1,
        1,
        1,
        1,
        1,
        1,
        1,
        1,
        1,
        1,
        1,
        1,
        1,
        1,
        1,
        1,
        1,
        1,
        1,
        1,
        1,
        1,
        1,
        1,
        1,
        1,
        1,
        1,
        1,
        1,
        1,
        1,
        1,
        1,
        7,
        11,
        25,
        43,
        48,
        48,
        48,
        48,
        48,
        51,
        64,
        92,
        134,
        188,
        248,
        312,
        382,
        452,
        527,
        601,
        676,
        756,
        834,
        917,
        998,
        1086,
        1178,
        1268,
        1359,
        1452,
        1543,
        1633,
        1723,
        1811,
        1899,
        1985,
        2075,
        2163,
        2254,
        2345,
        2441,
        2539,
        2640,
        2746,
        2856,
        2970,
        3082,
        3199,
        3319,
        3438,
        3601,
        3732,
        3864,
        3996,
        4131,
        4270,
        4412,
        4556,
        4706,
        4862,
        5021,
        5181,
        5343,
        5508,
        5676,
        5848,
        6025,
        6206,
        6389,
        6577,
        6765,
        6959
    ]
}