{
    "name": "R\u00e9ponse temporelle du syst\u00e8me en boucle ferm\u00e9e \u00e0 une entr\u00e9e en echelon de position",
    "pos_order": 16991,
    "times": [
        0.0,
        0.02406216378988546,
        0.04751246917507146,
        0.07131734522574362,
        0.09673058965613635,
        0.1243922217180291,
        0.15305548390895574,
        0.17809943723107224,
        0.20628588507942247,
        0.23176953162751168,
        0.26029262960229715,
        0.2884073952944508,
        0.317022016022241,
        0.34254278368693214,
        0.3711772450115287,
        0.399816186470888,
        0.42843080719868,
        0.4572451139330269,
        0.4858136532746897,
        0.5141037842418292,
        0.5425552000604181,
        0.5712319026556312,
        0.5998497234796822,
        0.6283574609924258,
        0.6571256863406454,
        0.6823552452457768,
        0.7069447848991288,
        0.7316968894424338,
        0.7562217871513575,
        0.7806724426270737,
        0.805877040781386,
        0.826444059437307,
        0.8508499135653995,
        0.8758292249430859,
        0.9002382791674375,
        0.9241161174128116,
        0.9455164411345489,
        0.9696938083897564,
        0.9943614303918249,
        1.0179083786840302,
        1.0395192687396033,
        1.0638188796718993,
        1.0879072842511093,
        1.1118798453457472,
        1.1328897573239,
        1.1574338556103765,
        1.1828643805605665,
        1.2057322684266332,
        1.2272017142275633,
        1.2525298360974695,
        1.276351352648689,
        1.2996550936252156,
        1.32140614789693,
        1.34590928495129,
        1.3704373827564744,
        1.3949584403498854,
        1.4165341293466085,
        1.44089198203082,
        1.46546680124138,
        1.4859838983956628,
        1.5106316798009267,
        1.5357575555872707,
        1.5604104571465491,
        1.5834293895560378,
        1.6049321163580608,
        1.6291824458079702,
        1.6544344053869118,
        1.6780184747957207,
        1.6990277467546235,
        1.7229836673487142,
        1.7473223194553675,
        1.7718382568947675,
        1.7923687944533384,
        1.8169551340104313,
        1.8416329963205271,
        1.866098372239037,
        1.887500616018528,
        1.9120907956911353,
        1.9358604706829574,
        1.9571116699190299,
        1.9817447308815055,
        2.0066568402377527,
        2.0308623683400384,
        2.0513641050322775,
        2.075432028995433,
        2.1002916567730345,
        2.1247064711706507,
        2.144733953597324,
        2.1692959724228515,
        2.1939917552719983,
        2.2190549091716676,
        2.2397780925250217,
        2.26432987104252,
        2.2890614949697685,
        2.3123492354650033,
        2.3332394638430713,
        2.357705479780833,
        2.3822482980288058,
        2.4068461579324314,
        2.4274419774546807,
        2.4518855927186287,
        2.476451451659667,
        2.5007523426304665,
        2.521503046811649,
        2.54619690960304,
        2.5707333276584947,
        2.5952019036732636,
        2.6157273210778165,
        2.640343101520493,
        2.6650401644081434,
        2.6894184977084095,
        2.710254964469332,
        2.7347849823322683,
        2.7598487762511894,
        2.7839435810229176,
        2.8041733095331516,
        2.828707167511599,
        2.8534503117853767,
        2.8770887828305867,
        2.898477586205793,
        2.9230069640494776,
        2.9475344218354067,
        2.9711780130346312,
        2.992524575139221,
        3.0174283642451947,
        3.042123507075093,
        3.0632511825955717,
        3.0878797634232846,
        3.112181294413336,
        3.1360584926394566,
        3.157083125060403,
        3.181740506754444,
        3.206404928660252,
        3.229854594026186,
        3.2516376492604877,
        3.2761983880475114,
        3.299971903154848,
        3.3234094081549976,
        3.3449217352457943,
        3.3696680796158347,
        3.393878727872135,
        3.4145596699548726,
        3.43909352793332,
        3.4636472265085736,
        3.4880454004056425,
        3.5095238064761,
        3.533307561891462,
        3.5579867042400615,
        3.582246633978748,
        3.6030152586989814,
        3.62764703962295,
        3.6525341882283797,
        3.676892040912591,
        3.697131369711599,
        3.7220261985480505,
        3.7471834352777336,
        3.770955030327311,
        3.7913402835157264,
        3.817098498322828,
        3.841234264326669,
        3.865126182995585,
        3.8866269897398524,
        3.9102340998417233,
        3.934687955413697,
        3.958097939586022,
        3.979788192028817,
        4.0042894090254215,
        4.030041863659257,
        4.0504200766359055,
        4.074839371168284,
        4.099350828472922,
        4.123620998519634,
        4.144411383894425,
        4.168244420792178,
        4.19359302327814,
        4.2179316753847935,
        4.238198525011633,
        4.2628738272447215,
        4.286964791900939,
        4.310843270165567,
        4.3324688806639315,
        4.356980337968565,
        4.381248587957526,
        4.404998422352545,
        4.426215060549019,
        4.451015166536209,
        4.475495902916759,
        4.499296298832668,
        4.520457255354241,
        4.545076235893177,
        4.569645294930471,
        4.593446330865632,
        4.614684729716668,
        4.639336351237446,
        4.663806207290715,
        4.687771728173583,
        4.708917964252365,
        4.733714870143292,
        4.758036241730149,
        4.781635671601002,
        4.803044315573011,
        4.827757378941957,
        4.851557134838615,
        4.872733451822231,
        4.898130695771329,
        4.922617192325145,
        4.943198291404606,
        4.967436460488731,
        4.9925354554664985,
        5.016264169226211,
        5.037507688231262,
        5.061951943514462,
        5.086515882397741,
        5.10703873972529,
        5.131571957684486,
        5.156317022016022,
        5.18059615233226,
        5.201186211681247,
        5.225967117090882,
        5.250904827217202,
        5.274161846788353,
        5.29465590324957,
        5.319238402691152,
        5.343733859514494,
        5.368189635144226,
        5.388851376649409,
        5.41343707618725,
        5.438518790645222,
        5.458623075382107,
        5.483113412051434,
        5.507685031165735,
        5.531484787062393,
        5.552734706259965,
        5.577311445528281,
        5.601733940156919,
        5.622371360930536,
        5.647109385050303,
        5.672278142126515,
        5.69546603961847,
        5.716555954003095,
        5.741370140413824,
        5.7663040104246335,
        5.786194528731425,
        5.810770627980489,
        5.835476011118413,
        5.85954457510082,
        5.880718332007426,
        5.905216988927027,
        5.929581241803753,
        5.9531045093836426,
        5.974679558361114,
        5.999156454626153,
        6.023717833432428,
        6.044297012454134,
        6.068830870432581,
        6.093430650393962,
        6.117254087002937,
        6.138452164641112,
        6.163148587509511,
        6.188410147377233,
        6.208109299927742,
        6.2327167601201445,
        6.257231417521037,
        6.281555989204154,
        6.3022554918451945,
        6.326994155984213,
        6.351472332287756,
        6.375407132246536,
        6.39664681113608,
        6.421053305283422,
        6.44651519117695,
        6.469636526666722,
        6.49147590359518,
        6.51616208615555,
        6.539733355179322,
        6.560422617512334,
        6.584898873758121,
        6.609635617839384,
        6.633369451753108,
        6.654945140749835,
        6.688441188310943,
        6.708483391180405,
        6.732646678012074,
        6.7571901362792985,
        6.780710203762929,
        6.802072766348811,
