{
    "name": "R\u00e9ponse temporelle du syst\u00e8me en boucle ferm\u00e9e \u00e0 une entr\u00e9e en echelon de position",
    "pos_order": 16991,
    "times": [
        0.0,
        0.02488266847066889,
        0.04512199726967836,
        0.06990994289108343,
        0.08911180048295897,
        0.11402582989696342,
        0.13444372406722138,
        0.15984096801631864,
        0.17921563080617453,
        0.20370980759101265,
        0.2252605358369184,
        0.2500824024786681,
        0.2698711577244257,
        0.29518391913228825,
        0.3143627360311001,
        0.3387154685612952,
        0.3591717638866587,
        0.3836435399976832,
        0.4043616031970245,
        0.428713055688716,
        0.449265993921097,
        0.4745435542701131,
        0.4951233733110705,
        0.5193365816443762,
        0.5407484257126463,
        0.5652560429017708,
        0.5847804701965433,
        0.6104318017885983,
        0.6305386466024903,
        0.6552529900099398,
        0.6748644599229543,
        0.6992715940895504,
        0.7204754319009918,
        0.745172494788644,
        0.764785884759414,
        0.7895987911316382,
        0.8102765331181168,
        0.8340858893035517,
        0.8547079496151255,
        0.8791765256298909,
        0.899764664921122,
        0.9242313208781319,
        0.9448104998998375,
        0.9688592232854365,
        0.9899043363224376,
        1.0138653770705428,
        1.0349674518209522,
        1.0587761679871335,
        1.0800062465878977,
        1.103701679346516,
        1.1253420102876692,
        1.149195527801476,
        1.1709024207448167,
        1.1935616623348029,
        1.2153543178578818,
        1.2387412613371414,
        1.2605294367254576,
        1.2839266205127462,
        1.3053915861789136,
        1.3296015944159603,
        1.350695348916096,
        1.3753399302251026,
        1.3957456640295742,
        1.4202974425470725,
        1.4407377373911405,
        1.4653055163899342,
        1.4893062383316504,
        1.5103775921579725,
        1.5349946526391527,
        1.5555040695624136,
        1.5801422506789002,
        1.6035983162373526,
        1.6251484044640065,
        1.649554258592099,
        1.6701385577678192,
        1.694754338210494,
        1.7152803956343021,
        1.7397688122458739,
        1.764165066085189,
        1.7848549684374504,
        1.8092467421420046,
        1.8297318383336982,
        1.8542868169474538,
        1.8787163517878618,
        1.8995457783370124,
        1.9248022180507203,
        1.944630654490087,
        1.9692374746632382,
        1.993087792080786,
        2.014267949179912,
        2.03884852856374,
        2.0592798631382845,
        2.083948125159605,
        2.1074752328550055,
        2.1289536389254593,
        2.153355652938041,
        2.174086516522417,
        2.198718297446387,
        2.2191093108080704,
        2.2436770898068623,
        2.2673802027965007,
        2.2887453254593897,
        2.3131242987789076,
        2.333795000553618,
        2.358423581381329,
        2.3787710734338887,
        2.403511017611411,
        2.427236531274861,
        2.448504371011481,
        2.4728737440422215,
        2.4935815669335337,
        2.5182479088971004,
        2.5385762003721073,
        2.563314864511126,
        2.5867702900503247,
        2.6083523792395678,
        2.6326673506339073,
        2.6534692563552316,
        2.677845669597742,
        2.6983762071563113,
        2.722965746809665,
        2.7434182020195177,
        2.768046782847229,
        2.7917716564914272,
        2.8130516565938315,
        2.8374011890277657,
        2.8580162091275714,
        2.8827574333435955,
        2.9030959651266315,
        2.92785638992021,
        2.9511434903961913,
        2.9728894245138893,
        2.9967999037411044
    ],
    "speeds": [
        0.0,
        0.0,
        0.0,
        0.0,
        0.0,
        0.0,
        0.0,
        0.0,
        0.0,
        0.0,
        0.0,
        0.0,
        0.0,
        0.0,
        0.0,
        0.0,
        0.0,
        0.0,
        0.0,
        0.0,
        0.0,
        0.0,
        0.0,
        0.0,
        0.0,
        0.0,
        0.0,
        0.0,
        0.0,
        0.0,
        0.0,
        0.0,
        0.0,
        0.0,
        0.0,
        0.0,
        0.0,
        0.0,
        0.0,
        0.0,
        0.0,
        0.0,
        0.0,
        0.0,
        0.0,
        0.0,
        0.0,
        0.0,
        0.0,
        0.0,
        0.0,
        0.0,
        0.0,
        0.0,
        -0.02,
        -0.06,
        -0.14,
        -0.3,
        -0.55,
        -0.9,
        -1.35,
        -1.61,
        -2.02,
        -2.43,
        -2.85,
        -2.9,
        -3.08,
        -3.31,
        -3.35,
        -3.35,
        -3.47,
        -3.62,
        -3.64,
        -3.76,
        -3.77,
        -3.65,
        -3.71,
        -3.83,
        -3.71,
        -3.69,
        -3.66,
        -3.83,
        -3.74,
        -3.64,
        -3.55,
        -3.69,
        -3.53,
        -3.55,
        -3.48,
        -3.59,
        -3.4,
        -3.4,
        -3.31,
        -3.29,
        -3.19,
        -3.17,
        -3.03,
        -3.03,
        -2.98,
        -2.9,
        -2.8,
        -2.76,
        -2.75,
        -2.79,
        -2.68,
        -2.54,
        -2.5,
        -2.42,
        -2.22,
        -2.14,
        -2.22,
        -2.16,
        -2.0,
        -1.96,
        -2.04,
        -2.08,
        -1.92,
        -1.78,
        -1.89,
        -1.91,
        -1.9,
        -1.73,
        -1.77,
        -1.82,
        -1.88,
        -1.68,
        -1.53,
        -1.36,
        -1.3,
        -1.14,
        -1.1,
        -0.91,
        -0.68
    ],
    "positions": [
        -1168,
        -1168,
        -1168,
        -1168,
        -1168,
        -1168,
        -1168,
        -1168,
        -1168,
        -1168,
        -1168,
        -1168,
        -1168,
        -1168,
        -1168,
        -1168,
        -1168,
        -1168,
        -1168,
        -1168,
        -1168,
        -1168,
        -1168,
        -1168,
        -1168,
        -1168,
        -1168,
        -1168,
        -1168,
        -1168,
        -1168,
        -1168,
        -1168,
        -1168,
        -1168,
        -1168,
        -1168,
        -1168,
        -1168,
        -1168,
        -1168,
        -1168,
        -1168,
        -1168,
        -1168,
        -1168,
        -1168,
        -1168,
        -1168,
        -1168,
        -1168,
        -1168,
        -1168,
        -1168,
        -1169,
        -1171,
        -1176,
        -1184,
        -1200,
        -1225,
        -1260,
        -1301,
        -1351,
        -1410,
        -1475,
        -1542,
        -1615,
        -1688,
        -1765,
        -1842,
        -1918,
        -1998,
        -2077,
        -2161,
        -2239,
        -2321,
        -2403,
        -2482,
        -2565,
        -2645,
        -2729,
        -2811,
        -2895,
        -2974,
        -3055,
        -3135,
        -3215,
        -3293,
        -3367,
        -3446,
        -3519,
        -3593,
        -3668,
        -3738,
        -3807,
        -3873,
        -3939,
        -4008,
        -4070,
        -4132,
        -4194,
        -4252,
        -4310,
        -4370,
        -4425,
        -4478,
        -4532,
        -4584,
        -4630,
        -4677,
        -4726,
        -4771,
        -4813,
        -4857,
        -4902,
        -4946,
        -4986,
        -5027,
        -5068,
        -5111,
        -5149,
        -5188,
        -5227,
        -5269,
        -5308,
        -5343,
        -5374,
        -5403,
        -5430,
        -5454,
        -5479,
        -5495,
        -5508
    ]
}