{
    "name": "R\u00e9ponse temporelle du syst\u00e8me en boucle ferm\u00e9e \u00e0 une entr\u00e9e en echelon de position",
    "pos_order": 16548,
    "times": [
        0.0,
        0.023226983263466394,
        0.04754456142596908,
        0.07234919517424743,
        0.10032705046561574,
        0.12587794809434172,
        0.1534218694998266,
        0.17884476303241925,
        0.2080104963358842,
        0.23548977567282492,
        0.26138500432013956,
        0.28983455470575237,
        0.31864251656053,
        0.3460769944638251,
        0.37468334986719753,
        0.4028231303401739,
        0.4318960606739424,
        0.46079746551889755,
        0.48693782201030444,
        0.5155934589906899,
        0.544897436717978,
        0.572802969695033,
        0.6011161957182658,
        0.6297238311626003,
        0.6588390028480937,
        0.6825684021888705,
        0.7074037569202218,
        0.7314832474639203,
        0.7552356875420045,
        0.7768709398700793,
        0.8017318954206551,
        0.8259208294665434,
        0.8468373387948418,
        0.8715107683445886,
        0.8959281897020723,
        0.9198182341834951,
        0.9411181157797053,
        0.9655316970143062,
        0.9899043169381443,
        1.0139678069698235,
        1.0350801625652046,
        1.0592025344811056,
        1.0844775832826663,
        1.107659125092006,
        1.1294499023968783,
        1.1536273160741146,
        1.178611155556979,
        1.201363243623799,
        1.2236481167397386,
        1.248541073314346,
        1.2727914493263803,
        1.2964677269672649,
        1.3180012160389154,
        1.3428800921629502,
        1.3669519024608796,
        1.3870978271304715,
        1.412017024544788,
        1.4368299785593166,
        1.4610745943870214,
        1.4814445262248412,
        1.5062843610995564,
        1.5305712182789861,
        1.5513520432653856,
        1.5771115875708048,
        1.6001894460622772,
        1.6239156453006522,
        1.6454465742903785,
        1.669760952350476,
        1.6905104163333249,
        1.7148075138404444,
        1.7387308393868608,
        1.7599180773784795,
        1.7848257544241442,
        1.8051060833946693,
        1.829914557265834,
        1.8534263496431898,
        1.8750852827290494,
        1.8993791801337672,
        1.9197715126884063,
        1.9442490959710739,
        1.9648980767384572,
        1.9892316554129756,
        2.0099254376140046,
        2.0342993375788048,
        2.0542762968415005,
        2.0794118211782795,
        2.0998700758424285,
        2.124972319114214,
        2.145401772856733,
        2.1697123107939476,
        2.190488655636983,
        2.214876636052356,
        2.238597075106405,
        2.2600537617203784,
        2.283787001184038,
        2.305134244295818,
        2.3290985311529973,
        2.3498364747671943,
        2.3737783609075507,
        2.394969439022052,
        2.4199571186277993,
        2.4471861499567993,
        2.4680552977695314,
        2.4926685653940943,
        2.513167781369006,
        2.539443182181831,
        2.5660085122723935,
        2.5864667669365424,
        2.6126448846363104,
        2.6334404300937635,
        2.656205958590675,
        2.6769298217542996,
        2.701183397868732,
        2.7229728951326457,
        2.7473941566130122,
        2.768027776888861,
        2.7923799161573193,
        2.8130647380716205,
        2.8376018432589873,
        2.861035553137704,
        2.882672725527218,
        2.9062651604851375,
        2.927405036961183,
        2.951618931805818,
        2.9725847227111295,
        2.996850459214695
    ],
    "speeds": [
        0.54,
        6.96,
        16.74,
        23.35,
        24.45,
        26.07,
        26.6,
        27.13,
        27.89,
        27.14,
        27.64,
        27.77,
        27.35,
        27.79,
        27.61,
        27.48,
        27.73,
        27.24,
        27.69,
        27.57,
        27.02,
        27.6,
        27.74,
        27.28,
        20.97,
        4.96,
        -10.59,
        -5.87,
        6.03,
        2.26,
        -5.9,
        0.83,
        4.49,
        -3.32,
        -1.73,
        4.8,
        -1.29,
        -3.32,
        3.69,
        0.53,
        -4.07,
        2.71,
        2.66,
        -4.44,
        0.11,
        4.64,
        -3.18,
        -2.74,
        4.59,
        -0.62,
        -4.14,
        3.73,
        1.93,
        -5.1,
        0.8,
        3.91,
        -3.58,
        -1.75,
        4.19,
        -0.9,
        -3.48,
        3.26,
        1.98,
        -3.83,
        -0.15,
        3.89,
        -0.67,
        -3.57,
        0.34,
        2.67,
        0.48,
        -1.74,
        -0.85,
        1.1,
        0.83,
        -0.28,
        -0.46,
        -0.17,
        -0.06,
        0.0,
        0.0,
        0.0,
        0.0,
        0.0,
        0.0,
        0.0,
        0.0,
        0.0,
        0.0,
        0.0,
        0.0,
        0.0,
        0.0,
        0.0,
        0.0,
        0.0,
        0.0,
        0.0,
        0.0,
        0.0,
        0.0,
        0.0,
        0.0,
        0.0,
        0.0,
        0.0,
        0.0,
        0.0,
        0.0,
        0.0,
        0.0,
        0.0,
        0.0,
        0.0,
        0.0,
        0.0,
        0.0,
        0.0,
        0.0,
        0.0,
        0.0,
        0.0,
        0.0,
        0.0,
        0.0,
        0.0
    ],
    "positions": [
        22,
        335,
        854,
        1464,
        2114,
        2801,
        3526,
        4259,
        5007,
        5747,
        6500,
        7254,
        8001,
        8757,
        9522,
        10290,
        11069,
        11857,
        12642,
        13424,
        14202,
        14985,
        15764,
        16545,
        16951,
        16741,
        16338,
        16463,
        16741,
        16532,
        16399,
        16654,
        16620,
        16385,
        16579,
        16679,
        16433,
        16503,
        16695,
        16488,
        16449,
        16689,
        16556,
        16390,
        16646,
        16649,
        16394,
        16547,
        16702,
        16443,
        16466,
        16725,
        16530,
        16409,
        16641,
        16617,
        16403,
        16574,
        16671,
        16447,
        16491,
        16675,
        16542,
        16429,
        16584,
        16645,
        16512,
        16472,
        16555,
        16604,
        16557,
        16510,
        16535,
        16573,
        16565,
        16552,
        16547,
        16545,
        16545,
        16545,
        16545,
        16545,
        16545,
        16545,
        16545,
        16545,
        16545,
        16545,
        16545,
        16545,
        16545,
        16545,
        16545,
        16545,
        16545,
        16545,
        16545,
        16545,
        16545,
        16545,
        16545,
        16545,
        16545,
        16545,
        16545,
        16545,
        16545,
        16545,
        16545,
        16545,
        16545,
        16545,
        16545,
        16545,
        16545,
        16545,
        16545,
        16545,
        16545,
        16545,
        16545,
        16545,
        16545,
        16545,
        16545,
        16545
    ]
}