{
    "name": "R\u00e9ponse temporelle du syst\u00e8me en boucle ferm\u00e9e \u00e0 une entr\u00e9e en echelon de position",
    "pos_order": 16991,
    "times": [
        0.0,
        0.024809706275965127,
        0.04536392454684979,
        0.06922256221467116,
        0.09010767043872647,
        0.11055564551381636,
        0.13553559691075456,
        0.15633942268983425,
        0.17617425932171926,
        0.20066139589478738,
        0.22122329439669564,
        0.2415266251208834,
        0.26704035257380454,
        0.2865891006001462,
        0.31120488104282096,
        0.33199846651387155,
        0.35252068382216883,
        0.37700398027972604,
        0.39774444415287924,
        0.4176612032489935,
        0.44226098321037455,
        0.46275695972934905,
        0.48353774481536327,
        0.5082514482035609,
        0.5283205318815991,
        0.5525503807154521,
        0.5744403191648004,
        0.5946335665776825,
        0.6188122138713936,
        0.6396941219991898,
        0.6594233554545319,
        0.6840077749538711,
        0.7046093546493868,
        0.7248934847960218,
        0.7494798243531164,
        0.7707681447057926,
        0.7942453308995532,
        0.8151317191621121,
        0.8356360159313585,
        0.8604124412062308,
        0.8806376895817021,
        0.9019951320135711,
        0.9262742623298106,
        0.9467331177321814,
        0.970554634283399,
        0.9919856789292218,
        1.012280049383886,
        1.0368855895185316,
        1.057578051947802,
        1.0782109925866568,
        1.1026270870227766,
        1.122952818420778,
        1.143606879694941,
        1.1682373805804076,
        1.1878546106666885,
        1.2118233316458156,
        1.2330022087064378,
        1.253633869306789,
        1.2779904419524932,
        1.2983769751794139,
        1.318900472526213,
        1.3434234501773812,
        1.3638746253487302,
        1.3853581515731985,
        1.409074704967125,
        1.4294765986560876,
        1.4535675633123049,
        1.4744827524411939,
        1.4950689716746677,
        1.5194914663033057,
        1.540898830236813,
        1.56446817920283,
        1.5861590716648752,
        1.6064470419270211,
        1.6304029625211118,
        1.651169027164336,
        1.6757060852390442,
        1.6972913745245446,
        1.7217471501542772,
        1.742086961975815,
        1.766189446978565,
        1.7873350430380945,
        1.8105767021472001,
        1.831920704174781,
        1.8563393586879098,
        1.8795515769114335,
        1.9007362141453203,
        1.924785577550173,
        1.9457506881807003,
        1.9711338517062593,
        1.9917111106702095,
        2.015525587009657,
        2.035934520910388,
        2.0608267896698322,
        2.0855020919029243,
        2.1068595343347933,
        2.130522326111569,
        2.150965821051896,
        2.1754363171244187,
        2.200451469580205,
        2.221468421770126,
        2.2466582994816484,
        2.266820185951193,
        2.2915863709180364,
        2.3157246969988847,
        2.33694389527237,
        2.3608198134599885,
        2.3844877253907786,
        2.4050950652595624,
        2.4296372434882834,
        2.4540584580784195,
        2.4756712681917463,
        2.49937630123914,
        2.520448295084716,
        2.5442736517514444,
        2.569647214988226,
        2.5899620660589466,
        2.6148888958579874,
        2.638874897356912,
        2.6589139001301163,
        2.683534160707554,
        2.7074311995304807,
        2.72942546111787,
        2.7542921291072435,
        2.7733397420594414,
        2.798459857672519,
        2.8224753000570253,
        2.8438692235862444,
        2.868797333423789,
        2.892602209474461,
        2.9125650499567026,
        2.9371865905726438,
        2.961786370534025,
        2.982950527151857
    ],
    "speeds": [
        0.0,
        0.0,
        0.0,
        0.0,
        0.0,
        0.0,
        0.0,
        0.0,
        0.0,
        0.0,
        0.0,
        0.0,
        0.0,
        0.0,
        0.0,
        0.0,
        0.0,
        0.0,
        0.0,
        0.0,
        0.0,
        0.0,
        0.0,
        0.0,
        0.0,
        0.0,
        0.0,
        0.0,
        0.0,
        0.0,
        0.0,
        0.0,
        0.0,
        0.0,
        0.0,
        0.0,
        0.0,
        0.0,
        0.0,
        0.0,
        0.0,
        0.0,
        0.0,
        0.0,
        0.0,
        0.0,
        0.0,
        0.0,
        0.0,
        0.0,
        0.0,
        0.0,
        0.0,
        0.0,
        0.0,
        0.0,
        0.0,
        0.0,
        0.0,
        0.0,
        0.0,
        0.0,
        0.0,
        0.0,
        0.0,
        0.0,
        0.0,
        0.0,
        0.0,
        0.04,
        0.22,
        0.55,
        0.68,
        0.66,
        0.72,
        0.72,
        0.89,
        1.32,
        1.71,
        2.0,
        2.12,
        2.24,
        2.53,
        2.64,
        2.81,
        2.98,
        3.19,
        3.44,
        3.58,
        4.02,
        4.19,
        4.47,
        4.3,
        4.59,
        4.67,
        4.89,
        5.04,
        5.26,
        5.39,
        5.64,
        5.62,
        5.92,
        5.98,
        6.1,
        6.16,
        6.47,
        6.51,
        6.7,
        6.6,
        6.77,
        6.6,
        6.74,
        6.65,
        6.94,
        6.86,
        6.94,
        6.99,
        7.02,
        7.05,
        7.04,
        7.25,
        7.17,
        7.37,
        7.39,
        7.37,
        7.36,
        7.33,
        7.07,
        7.09,
        6.93,
        7.01,
        6.7,
        6.8,
        6.71
    ],
    "positions": [
        0,
        0,
        0,
        0,
        0,
        0,
        0,
        0,
        0,
        0,
        0,
        0,
        0,
        0,
        0,
        0,
        0,
        0,
        0,
        0,
        0,
        0,
        0,
        0,
        0,
        0,
        0,
        0,
        0,
        0,
        0,
        0,
        0,
        0,
        0,
        0,
        0,
        0,
        0,
        0,
        0,
        0,
        0,
        0,
        0,
        0,
        0,
        0,
        0,
        0,
        0,
        0,
        0,
        0,
        0,
        0,
        0,
        0,
        0,
        0,
        0,
        0,
        0,
        0,
        0,
        0,
        0,
        0,
        0,
        1,
        10,
        28,
        39,
        57,
        71,
        86,
        110,
        144,
        186,
        231,
        277,
        330,
        387,
        444,
        508,
        574,
        645,
        726,
        810,
        903,
        997,
        1095,
        1192,
        1297,
        1400,
        1511,
        1624,
        1742,
        1865,
        1990,
        2116,
        2248,
        2383,
        2520,
        2661,
        2805,
        2951,
        3100,
        3250,
        3400,
        3553,
        3704,
        3859,
        4014,
        4170,
        4327,
        4488,
        4648,
        4810,
        4970,
        5130,
        5291,
        5452,
        5613,
        5774,
        5936,
        6096,
        6252,
        6405,
        6558,
        6711,
        6863,
        7014,
        7162
    ]
}