{
    "name": "R\u00e9ponse temporelle du syst\u00e8me en boucle ouverte \u00e0 une entr\u00e9e en echellon",
    "speed_order": 255,
    "times": [
        0.0,
        0.014173908564357518,
        0.026511458468443827,
        0.042835129249488624,
        0.06054553319254019,
        0.07366162717885327,
        0.09054849345979576,
        0.10708161711270314,
        0.12297955553790363,
        0.1393997297902807,
        0.15563186190880796,
        0.17205327736338916,
        0.188063544588017,
        0.20441731452250078,
        0.2171750113725155,
        0.2337525080042031,
        0.2504904300207098,
        0.2667501788882678,
        0.28302140887620997,
        0.2994031058602742,
        0.31514372190616413,
        0.33124490719220834,
        0.34757912819198467,
        0.36415134971430696,
        0.3796905807026576,
        0.39655758774834116,
        0.41359091588931207,
        0.4300120210433427,
        0.4466158932218569,
        0.46310805720204495,
        0.47449298441484444,
        0.4919532861138647,
        0.5078282622982968,
        0.5242149240911766,
        0.5405475935881983,
        0.5551695761480655,
        0.5714603550707142,
        0.5878494992680015,
        0.6040760459766119,
        0.6206116520339275,
        0.636903982459331,
        0.6535357816874274,
        0.6732771027361686,
        0.6897931598587759,
        0.7061646169246609,
        0.7229506355265585,
        0.738904117750371,
        0.7553692855826295,
        0.7716715456256624,
        0.7880861344681236,
        0.8045357872728367,
        0.8208696979720624,
        0.8373565868428843,
        0.8537091155751639,
        0.8701035348818165,
        0.8864846112647795,
        0.9029519512008948,
        0.919314409550803,
        0.9357957130117089,
        0.9521131777817358,
        0.9686314070082007,
        0.9849833151393783,
        1.0014382430534567,
        1.017878897142194,
        1.0342854181703318,
        1.0505358580213624,
        1.0669066944861454,
        1.0834292679203221,
        1.0997737288382785,
        1.1162606177091012,
        1.1325998035176914,
        1.1489929816221398,
        1.1654649760665192,
        1.1817849232409534,
        1.1981452094870049,
        1.2144533652405052,
        1.230927842089291,
        1.2473629107681123,
        1.26371481889929,
        1.2800158377401187,
        1.2965430656825587,
        1.3128893884038204,
        1.3292068531738472,
        1.345540763873072,
        1.3620562003945782,
        1.3783671488530365,
        1.3949033755114533,
        1.4111212338046384,
        1.4311455489558078,
        1.447579376432425,
        1.4640048257941682,
        1.4804250000465453,
        1.4968358652823959,
        1.5131461931397512,
        1.529545266954667,
        1.5461795485871708,
        1.5622220870690935,
        1.578805169110698,
        1.5953116069162272,
        1.6118977919633402,
        1.6281643674430182,
        1.6445463747276339,
        1.6609764785976404,
        1.6774211665935397,
        1.6938525116657495,
        1.7101479450966623,
        1.726771366209884,
        1.7429293364967444,
        1.759323755803396,
        1.7756455647811356,
        1.791954961736839,
        1.8082215372165171,
        1.8245954766868095,
        1.8408397105268222,
        1.8571888259530418,
        1.8698677064631255,
        1.8863002927375394,
        1.9027251214981806,
        1.9191257468158511,
        1.9351350831388263,
        1.947668432690536,
        1.964153149457502,
        1.9802766763832107,
        1.9925918846476325
    ],
    "speeds": [
        0.36,
        3.09,
        7.07,
        11.59,
        15.28,
        17.35,
        17.96,
        19.32,
        19.75,
        19.87,
        20.93,
        20.92,
        20.98,
        20.63,
        20.03,
        20.46,
        20.69,
        20.38,
        20.72,
        20.42,
        20.72,
        20.72,
        20.44,
        20.7,
        20.67,
        20.34,
        20.69,
        20.28,
        20.71,
        20.71,
        19.91,
        20.24,
        20.25,
        19.99,
        20.54,
        20.33,
        20.72,
        20.83,
        20.54,
        20.84,
        20.44,
        20.74,
        20.79,
        20.53,
        20.86,
        20.83,
        20.49,
        20.82,
        20.37,
        20.6,
        20.57,
        20.3,
        20.7,
        20.32,
        20.62,
        20.56,
        20.23,
        20.47,
        20.38,
        19.74,
        20.1,
        20.19,
        20.21,
        20.58,
        20.3,
        20.75,
        20.49,
        20.77,
        20.77,
        20.45,
        20.52,
        20.66,
        20.32,
        20.96,
        20.66,
        20.89,
        20.68,
        20.24,
        20.56,
        20.34,
        20.72,
        20.3,
        19.9,
        20.16,
        20.45,
        20.33,
        20.19,
        19.91,
        20.36,
        20.51,
        20.26,
        20.62,
        20.27,
        20.6,
        20.58,
        20.21,
        20.59,
        20.04,
        20.47,
        20.54,
        20.49,
        20.76,
        20.4,
        20.05,
        20.25,
        19.91,
        19.62,
        19.21,
        18.06,
        17.98,
        18.2,
        18.15,
        18.38,
        17.97,
        18.5,
        18.49,
        17.87,
        16.38,
        14.64,
        12.35,
        10.61,
        9.92,
        9.86,
        9.79
    ],
    "positions": [
        0,
        79,
        251,
        471,
        735,
        1019,
        1319,
        1471,
        1789,
        2119,
        2465,
        2816,
        3157,
        3645,
        3981,
        4315,
        4652,
        4990,
        5326,
        5663,
        6002,
        6337,
        6673,
        7008,
        7344,
        7677,
        7847,
        8349,
        8518,
        8857,
        9361,
        9691,
        10029,
        10371,
        10712,
        11057,
        11401,
        11747,
        12095,
        12440,
        12781,
        13125,
        13473,
        13821,
        14165,
        14509,
        14857,
        15203,
        15543,
        15879,
        16223,
        16566,
        16909,
        17250,
        17592,
        17933,
        18274,
        18615,
        18949,
        19287,
        19631,
        19971,
        20310,
        20653,
        20999,
        21343,
        21689,
        22033,
        22375,
        22722,
        23072,
        23421,
        23769,
        24116,
        24465,
        24812,
        25148,
        25487,
        25833,
        26178,
        26519,
        26861,
        27200,
        27539,
        27879,
        28216,
        28547,
        28883,
        29227,
        29569,
        29907,
        30251,
        30594,
        30933,
        31273,
        31615,
        31957,
        32303,
        32651,
        32998,
        33342,
        33685,
        34033,
        34377,
        34714,
        35045,
        35362,
        35661,
        35950,
        36236,
        36530,
        36831,
        37132,
        37434,
        37737,
        38031,
        38334,
        38576,
        38760,
        38921,
        39069,
        39218,
        39368,
        39517
    ]
}