{
    "name": "R\u00e9ponse temporelle du syst\u00e8me en boucle ferm\u00e9e \u00e0 une entr\u00e9e en echelon de position",
    "pos_order": 16548,
    "times": [
        0.0,
        0.027550961630772974,
        0.051608051457648685,
        0.07720183045857709,
        0.10100995231847065,
        0.12832602643284474,
        0.15515568498192067,
        0.18406220999072076,
        0.21119267816570186,
        0.2364466062914019,
        0.26497295913469543,
        0.2935594739031657,
        0.3214509264296481,
        0.34732247431917784,
        0.376180357771446,
        0.4042254152132898,
        0.4327748087938801,
        0.46187718006976297,
        0.48969439022048533,
        0.5187148388748426,
        0.5471618291785347,
        0.5753118499792009,
        0.6040378892124565,
        0.6326608851483257,
        0.6585823546353495,
        0.6829773752760104,
        0.7080053761720393,
        0.7325751224039152,
        0.7567986175557593,
        0.7814746071874268,
        0.8100560017920557,
        0.8409965118883775,
        0.8629325738423645,
        0.8879522544721397,
        0.9119888636436357,
        0.9331901820858235,
        0.9575000800025606,
        0.9819213414829306,
        1.0065282089026866,
        1.0306774616787706,
        1.0513200422413504,
        1.076481167397354,
        1.1012813210022685,
        1.1249812794009415,
        1.1487830010560316,
        1.1704361739575688,
        1.1951601651252872,
        1.2191212518800612,
        1.2444769432621854,
        1.2729962558801873,
        1.2975340010880316,
        1.3213568434189895,
        1.342654164933279,
        1.3669851835258697,
        1.391284201094436,
        1.4159736311561986,
        1.4393670197446298,
        1.4605945790265267,
        1.4850420813466059,
        1.5112336394764654,
        1.536035073122342,
        1.564318218182983,
        1.588902684885916,
        1.6186450766424514,
        1.642726487247593,
        1.6709680309769936,
        1.69621363883644,
        1.7249249575986454,
        1.7492988575634385,
        1.7776191238119594,
        1.8021427885692347,
        1.825610419533426,
        1.8493103779320919,
        1.8709533105059393,
        1.895867387756411,
        1.920102403276907,
        1.9438247623923957,
        1.964721431085792,
        1.9895971071074285,
        2.014486223559153,
        2.0387692406157,
        2.058170821466284,
        2.083522032705048,
        2.1078728919325442,
        2.1317366955742614,
        2.156004992159751,
        2.1772274312777995,
        2.201453486511568,
        2.226573010336331,
        2.250139204454541,
        2.2715600499215967,
        2.29571506288201,
        2.3215091682933817,
        2.3448871963902818,
        2.365783865083685,
        2.39002848091139,
        2.414975199206374,
        2.439320298249541,
        2.4627501680053783,
        2.4841921341482944,
        2.5089634868315756,
        2.533403308905882,
        2.5582380236167523,
        2.5815046881500194,
        2.603413229223335,
        2.627695606259401,
        2.652451598451151,
        2.6768927005664196,
        2.700350091202921,
        2.7220109443502167,
        2.746658773080739,
        2.7732567442158143,
        2.802295753464108,
        2.826557649844794,
        2.854705750584017,
        2.8798284745111857,
        2.9029908157061044,
        2.926973023136739,
        2.948513552433681,
        2.972322954334537,
        2.9970635860347556
    ],
    "speeds": [
        0.55,
        6.72,
        15.28,
        21.59,
        23.88,
        25.6,
        26.44,
        27.62,
        27.29,
        26.75,
        26.72,
        26.41,
        26.85,
        27.06,
        26.55,
        26.72,
        27.72,
        26.99,
        27.37,
        27.41,
        27.01,
        27.79,
        26.62,
        26.87,
        24.33,
        10.69,
        -7.05,
        -9.29,
        2.85,
        2.66,
        -4.46,
        3.74,
        0.66,
        -4.7,
        3.07,
        3.64,
        -4.7,
        0.34,
        5.53,
        -3.47,
        -3.69,
        5.25,
        0.03,
        -6.14,
        3.13,
        3.84,
        -4.96,
        0.03,
        4.28,
        -4.87,
        -0.4,
        5.19,
        -3.64,
        -3.76,
        5.37,
        0.16,
        -5.54,
        2.78,
        2.61,
        -5.37,
        3.96,
        3.06,
        -3.55,
        3.54,
        -2.14,
        -2.18,
        3.29,
        -3.4,
        2.25,
        1.03,
        -3.52,
        1.94,
        0.44,
        -4.14,
        3.03,
        2.22,
        -3.74,
        2.4,
        1.99,
        -4.35,
        1.36,
        2.35,
        -3.71,
        1.12,
        2.11,
        -3.66,
        1.19,
        1.88,
        -3.38,
        1.63,
        1.72,
        -3.86,
        1.65,
        0.88,
        -4.01,
        2.84,
        2.12,
        -4.35,
        1.76,
        2.31,
        -4.91,
        1.06,
        6.5,
        -3.11,
        -3.77,
        4.75,
        -0.93,
        -6.58,
        2.91,
        4.08,
        -4.57,
        3.55,
        3.73,
        -5.03,
        3.22,
        3.35,
        -4.94,
        0.7,
        6.65,
        -3.11,
        -4.49
    ],
    "positions": [
        20,
        319,
        816,
        1402,
        2046,
        2741,
        3480,
        4211,
        4941,
        5675,
        6405,
        7140,
        7893,
        8638,
        9384,
        10140,
        10905,
        11667,
        12440,
        13206,
        13972,
        14733,
        15495,
        16273,
        16883,
        16831,
        16438,
        16341,
        16674,
        16545,
        16390,
        16697,
        16444,
        16402,
        16717,
        16579,
        16372,
        16656,
        16709,
        16397,
        16526,
        16737,
        16455,
        16405,
        16716,
        16576,
        16360,
        16632,
        16621,
        16392,
        16656,
        16690,
        16373,
        16514,
        16744,
        16472,
        16427,
        16731,
        16552,
        16371,
        16707,
        16544,
        16393,
        16692,
        16407,
        16566,
        16580,
        16400,
        16665,
        16485,
        16456,
        16682,
        16456,
        16441,
        16722,
        16511,
        16442,
        16719,
        16538,
        16414,
        16692,
        16534,
        16418,
        16691,
        16539,
        16414,
        16686,
        16518,
        16446,
        16711,
        16511,
        16449,
        16695,
        16478,
        16443,
        16722,
        16519,
        16431,
        16720,
        16551,
        16365,
        16671,
        16722,
        16407,
        16531,
        16736,
        16440,
        16380,
        16699,
        16570,
        16370,
        16718,
        16579,
        16361,
        16705,
        16564,
        16364,
        16656,
        16723,
        16406,
        16517
    ]
}