{
    "name": "R\u00e9ponse temporelle du syst\u00e8me en boucle ferm\u00e9e \u00e0 une entr\u00e9e en echelon de position",
    "pos_order": 16991,
    "times": [
        0.0,
        0.022548518259428718,
        0.04683788888369733,
        0.06702985625807578,
        0.08762759583808233,
        0.11243090192152927,
        0.13261582908413772,
        0.15613781662552384,
        0.17837144541307737,
        0.19863893505916685,
        0.22281694233362437,
        0.24315675415516402,
        0.2645845987047277,
        0.28948518771444576,
        0.3090934575312012,
        0.3325501631089054,
        0.3541258521056303,
        0.37474023218618413,
        0.39862319058557283,
        0.4190474849483472,
        0.43937641644260594,
        0.4641598819292483,
        0.4844312116908469,
        0.5049713495381933,
        0.529496247247117,
        0.549954462630236,
        0.5741907116566054,
        0.5958662436566087,
        0.6163263790974831,
        0.6408403964791258,
        0.6618247076872059,
        0.681506579717917,
        0.7060820389477307,
        0.7274657221689225,
        0.7479559385146306,
        0.7718651377033421,
        0.7917793367224473,
        0.8161922310623098,
        0.8375618338599615,
        0.8580277294741023,
        0.8825302265092123,
        0.9026453915733779,
        0.923462657756744,
        0.9484163683643594,
        0.9688349025538692,
        0.9885551757396858,
        1.0131741562786196,
        1.0337494951848143,
        1.0574442879241808,
        1.0784855608456692,
        1.0988516134565316,
        1.123899406894159,
        1.1439659304951881,
        1.164511188496549,
        1.1892357722120277,
        1.209573663975812,
        1.2299493168754516,
        1.2545209359897544,
        1.2750668340103672,
        1.299399725943756,
        1.3209862952677618,
        1.341473311517209,
        1.3660154897459318,
        1.3868858775271953,
        1.4101236965207917,
        1.4311156879598936,
        1.451442059377145,
        1.477129872066552,
        1.497218796341393,
        1.5210844742209844,
        1.5418729395380204,
        1.5620578667006306,
        1.5871728621596937,
        1.6074409918250332,
        1.6326385497675773,
        1.6522845807201882,
        1.6766347531733743,
        1.6975710629375733,
        1.7217394699232553,
        1.7432671574760956,
        1.7669312292913766,
        1.7875116883515858,
        1.8116589747019578,
        1.8329242543615702,
        1.8581755739212635,
        1.8787022713643218,
        1.9029378803714412,
        1.9236117822424088,
        1.9475133012001002,
        1.9688701036127156,
        1.9924842539263583,
        2.0165176168499137,
        2.0374084852472354,
        2.0621925907531296,
        2.0827928904101434,
        2.1068640144695543,
        2.1303975223574714,
        2.1519604109691617,
        2.177213010567357,
        2.197780029223278,
        2.2224463711868445,
        2.246148204137979,
        2.2678173359454643,
        2.291235640368061,
        2.3116784952891383,
        2.3363032360013385,
        2.3605081240843724,
        2.3817702036477257,
        2.4062381396432393,
        2.426407706343806,
        2.4510407673062797,
        2.4714804221310978,
        2.496286928310804,
        2.5209244694080386,
        2.541931821309184,
        2.566495120173215,
        2.586881013380882,
        2.6113777502427276,
        2.631991490304028,
        2.656104215614805,
        2.68113344849413,
        2.701793909960811,
        2.7264730523094123,
        2.747041351003837,
        2.7710075119059585,
        2.794934631633719,
        2.8156635751603396,
        2.841001937338275,
        2.8636451784469674,
        2.886052252451753,
        2.9100715349517703,
        2.9307140758794024,
        2.9551903321251896,
        2.978384629809664
    ],
    "speeds": [
        0.0,
        0.0,
        0.0,
        0.0,
        0.0,
        0.0,
        0.0,
        0.0,
        0.0,
        0.0,
        0.0,
        0.0,
        0.0,
        0.0,
        0.0,
        0.0,
        0.0,
        0.0,
        0.0,
        0.0,
        0.0,
        0.0,
        0.0,
        0.0,
        0.0,
        0.0,
        0.0,
        0.0,
        0.0,
        0.0,
        0.0,
        0.0,
        0.0,
        0.0,
        0.0,
        0.0,
        0.0,
        0.0,
        0.0,
        0.0,
        0.0,
        0.0,
        0.0,
        0.0,
        0.0,
        0.0,
        0.0,
        0.0,
        0.0,
        0.0,
        0.0,
        0.0,
        0.0,
        0.0,
        0.0,
        0.0,
        0.0,
        0.0,
        -0.02,
        -0.02,
        0.0,
        0.0,
        0.0,
        0.0,
        0.0,
        -0.02,
        -0.04,
        -0.08,
        -0.16,
        -0.12,
        -0.04,
        -0.0,
        -0.0,
        -0.0,
        -0.0,
        -0.04,
        -0.06,
        -0.1,
        -0.31,
        -0.77,
        -1.39,
        -1.88,
        -2.25,
        -2.75,
        -3.17,
        -3.43,
        -3.61,
        -3.68,
        -3.8,
        -3.94,
        -4.15,
        -4.32,
        -4.24,
        -4.28,
        -4.36,
        -4.5,
        -4.52,
        -4.73,
        -4.61,
        -4.61,
        -4.44,
        -4.47,
        -4.58,
        -4.43,
        -4.42,
        -4.13,
        -3.92,
        -3.67,
        -3.41,
        -3.08,
        -2.93,
        -2.7,
        -2.31,
        -2.23,
        -2.27,
        -2.37,
        -2.51,
        -2.91,
        -3.26,
        -3.49,
        -3.84,
        -4.11,
        -4.16,
        -4.31,
        -4.36,
        -4.38,
        -4.46,
        -4.38,
        -4.29,
        -4.44,
        -4.38,
        -4.4,
        -4.46,
        -4.53
    ],
    "positions": [
        0,
        0,
        0,
        0,
        0,
        0,
        0,
        0,
        0,
        0,
        0,
        0,
        0,
        0,
        0,
        0,
        0,
        0,
        0,
        0,
        0,
        0,
        0,
        0,
        0,
        0,
        0,
        0,
        0,
        0,
        0,
        0,
        0,
        0,
        0,
        0,
        0,
        0,
        0,
        0,
        0,
        0,
        0,
        0,
        0,
        0,
        0,
        0,
        0,
        0,
        0,
        0,
        0,
        0,
        0,
        0,
        0,
        0,
        -1,
        -1,
        -1,
        -1,
        -1,
        -1,
        -1,
        -2,
        -3,
        -6,
        -11,
        -12,
        -12,
        -12,
        -12,
        -12,
        -12,
        -14,
        -15,
        -18,
        -28,
        -54,
        -91,
        -138,
        -195,
        -262,
        -334,
        -410,
        -490,
        -573,
        -660,
        -746,
        -840,
        -931,
        -1028,
        -1121,
        -1219,
        -1317,
        -1417,
        -1519,
        -1619,
        -1720,
        -1819,
        -1921,
        -2019,
        -2119,
        -2214,
        -2304,
        -2386,
        -2466,
        -2537,
        -2605,
        -2666,
        -2717,
        -2766,
        -2816,
        -2867,
        -2919,
        -2979,
        -3049,
        -3122,
        -3205,
        -3291,
        -3386,
        -3479,
        -3577,
        -3671,
        -3769,
        -3865,
        -3963,
        -4058,
        -4157,
        -4255,
        -4353,
        -4454,
        -4554
    ]
}