{
    "name": "R\u00e9ponse temporelle du syst\u00e8me en boucle ferm\u00e9e \u00e0 une entr\u00e9e en echelon de position",
    "pos_order": 16548,
    "times": [
        0.0,
        0.023944446222277094,
        0.0481615411693177,
        0.07595123043937235,
        0.10206214598867192,
        0.12639188454030403,
        0.15484527504879964,
        0.1824531985023512,
        0.20805017760568134,
        0.23637556401804716,
        0.26434125892028604,
        0.28969695030241027,
        0.3190847707126636,
        0.3470043841402912,
        0.3751339242855778,
        0.4034426701654432,
        0.4293692598163119,
        0.45682613843642983,
        0.4854177733687486,
        0.513999167973374,
        0.5437197990335676,
        0.5725220007040228,
        0.6014157253032089,
        0.6298761560369925,
        0.6592838170821445,
        0.683599475183204,
        0.7120912669205417,
        0.7366437325994433,
        0.7611136356363382,
        0.7819373419949436,
        0.8059675509616291,
        0.830766424525585,
        0.8515690102083262,
        0.8755492975775212,
        0.9000416013312424,
        0.9206278600915212,
        0.9454510544337396,
        0.9657857851451226,
        0.9902364875676,
        1.0145950270408655,
        1.0358110659541104,
        1.059871995903869,
        1.0806464206854614,
        1.10495119843835,
        1.1256353803321701,
        1.1503696118275784,
        1.1787718006976213,
        1.1987397996735893,
        1.223895164645267,
        1.2442017344555012,
        1.2689826874459982,
        1.291742455758584,
        1.313792441358121,
        1.3373451950462396,
        1.3588050817626147,
        1.3828845723063132,
        1.4039207654644947,
        1.428482191430124,
        1.4570834266696515,
        1.4776568850203198,
        1.5022119107811456,
        1.5231604211334755,
        1.5473039137252371,
        1.5679253736119563,
        1.5923165541297308,
        1.6130909789113232,
        1.6377272872731936,
        1.6580786585170735,
        1.682723927165668,
        1.7031975423213552,
        1.7280168965406872,
        1.7483567474159152,
        1.7731505008160262,
        1.7933290665301271,
        1.8174079170533446,
        1.8409107491439727,
        1.8628928925725603,
        1.8862241991743716,
        1.9077442478159305,
        1.9316573330346571,
        1.952772248711959,
        1.976901660853148,
        1.9978892124547976,
        2.0221466286921164,
        2.0428608915485285,
        2.0681321002272064,
        2.0961041953342487,
        2.1166680533777082,
        2.1412454798553533,
        2.161164197254312,
        2.1863522032705056,
        2.2065077282473027,
        2.2313104419341414,
        2.2518775000800026,
        2.276453646516689,
        2.2971333482671454,
        2.3214643668597397,
        2.342227911293161,
        2.366521168677398,
        2.395261928381707,
        2.4238874843995006,
        2.447327594483024,
        2.4689468462990796,
        2.492630164165252,
        2.5141668533393045,
        2.538093378988126,
        2.559094371019871,
        2.5831521008672276,
        2.6039777272872726,
        2.628962206790618,
        2.65734519504624,
        2.6779026528848924,
        2.7023872763928445,
        2.7232084226695257,
        2.747485679541743,
        2.7680008960286706,
        2.7925981631412213,
        2.813142820570256,
        2.837590322890332,
        2.8581234599507184,
        2.8828845723063132,
        2.911409645108641,
        2.9403328106499416,
        2.9599206374603995,
        2.985449134372299
    ],
    "speeds": [
        0.53,
        6.55,
        16.61,
        22.66,
        24.47,
        25.23,
        26.74,
        27.08,
        26.52,
        27.26,
        27.36,
        27.04,
        27.57,
        26.81,
        27.44,
        27.67,
        27.01,
        27.95,
        27.26,
        26.99,
        27.32,
        26.78,
        26.76,
        27.17,
        23.91,
        4.57,
        -9.6,
        -5.92,
        4.85,
        2.96,
        -4.61,
        -1.83,
        3.31,
        1.15,
        -2.46,
        -1.53,
        1.12,
        1.95,
        0.69,
        -0.55,
        -0.61,
        -0.16,
        0.0,
        0.0,
        0.0,
        0.0,
        0.0,
        0.0,
        0.0,
        0.0,
        0.0,
        0.0,
        0.0,
        0.0,
        0.0,
        0.0,
        0.0,
        0.0,
        0.0,
        0.0,
        0.0,
        0.0,
        0.0,
        0.0,
        0.0,
        0.0,
        0.0,
        0.0,
        0.0,
        0.0,
        0.0,
        0.0,
        0.0,
        0.0,
        0.0,
        0.0,
        0.0,
        0.0,
        0.0,
        0.0,
        0.0,
        0.0,
        0.0,
        0.0,
        0.0,
        0.0,
        0.0,
        0.0,
        0.0,
        0.0,
        0.0,
        0.0,
        0.0,
        0.0,
        0.0,
        0.0,
        0.0,
        0.0,
        0.0,
        0.0,
        0.0,
        0.0,
        0.0,
        0.0,
        0.0,
        0.0,
        0.0,
        0.0,
        0.0,
        0.0,
        0.0,
        0.0,
        0.0,
        0.0,
        0.0,
        0.0,
        0.0,
        0.0,
        0.0,
        0.0,
        0.0,
        0.0,
        0.0,
        0.0,
        0.0
    ],
    "positions": [
        19,
        328,
        838,
        1438,
        2070,
        2757,
        3475,
        4195,
        4930,
        5665,
        6399,
        7137,
        7879,
        8622,
        9378,
        10138,
        10905,
        11672,
        12445,
        13221,
        13990,
        14755,
        15525,
        16294,
        16885,
        16719,
        16376,
        16464,
        16715,
        16570,
        16432,
        16539,
        16617,
        16558,
        16486,
        16502,
        16554,
        16590,
        16575,
        16555,
        16552,
        16552,
        16552,
        16552,
        16552,
        16552,
        16552,
        16552,
        16552,
        16552,
        16552,
        16552,
        16552,
        16552,
        16552,
        16552,
        16552,
        16552,
        16552,
        16552,
        16552,
        16552,
        16552,
        16552,
        16552,
        16552,
        16552,
        16552,
        16552,
        16552,
        16552,
        16552,
        16552,
        16552,
        16552,
        16552,
        16552,
        16552,
        16552,
        16552,
        16552,
        16552,
        16552,
        16552,
        16552,
        16552,
        16552,
        16552,
        16552,
        16552,
        16552,
        16552,
        16552,
        16552,
        16552,
        16552,
        16552,
        16552,
        16552,
        16552,
        16552,
        16552,
        16552,
        16552,
        16552,
        16552,
        16552,
        16552,
        16552,
        16552,
        16552,
        16552,
        16552,
        16552,
        16552,
        16552,
        16552,
        16552,
        16552,
        16552,
        16552,
        16552,
        16552,
        16552,
        16552
    ]
}