{
    "name": "R\u00e9ponse temporelle du syst\u00e8me en boucle ferm\u00e9e \u00e0 une entr\u00e9e en echelon de position",
    "pos_order": 16548,
    "times": [
        0.0,
        0.023644276616852977,
        0.04711638772440807,
        0.07120675861627745,
        0.0959614707670653,
        0.12456910621139983,
        0.15244135812346116,
        0.1785599539185263,
        0.2066837338794869,
        0.23468718999007976,
        0.27144612627604303,
        0.30101507248232195,
        0.3295811065954126,
        0.35818554193734187,
        0.3865499695990273,
        0.41548977567282463,
        0.4435220327050473,
        0.47149220775065004,
        0.5000051201638485,
        0.5265301289641293,
        0.5550724823194351,
        0.5835469935037949,
        0.612440718102981,
        0.641359403500914,
        0.6698217542961373,
        0.6930653780921006,
        0.7178981727415277,
        0.7423239143652616,
        0.763998847963137,
        0.7882485839546867,
        0.8131505008160289,
        0.837498799961601,
        0.8610278728919347,
        0.8830125764024466,
        0.9075484015488513,
        0.93842490959711,
        0.9698697558321889,
        0.9970322250312016,
        1.0211251560049952,
        1.0421619891836542,
        1.0668578194502238,
        1.0916765336490784,
        1.1157701046433495,
        1.1369925437614015,
        1.1613984447502332,
        1.18595411053154,
        1.2095254248135952,
        1.2310576338442836,
        1.2553771320682259,
        1.2798380748183966,
        1.3044039809273897,
        1.3248622355915387,
        1.3497110307529852,
        1.3745713462830835,
        1.3988390028480922,
        1.4197094307017828,
        1.4441761336362795,
        1.468169861435566,
        1.4923946366283722,
        1.5132817050145633,
        1.5380012160389143,
        1.5623315946110274,
        1.585628980127364,
        1.6075624819994268,
        1.6323690358091483,
        1.6566392524560811,
        1.6809440302089698,
        1.7016730135364355,
        1.7262818010176346,
        1.7510333130660207,
        1.7751620851867287,
        1.7960043521392706,
        1.8206547409517135,
        1.8453492911773175,
        1.8698857563442033,
        1.8905763384428305,
        1.9150993631796247,
        1.939299817594165,
        1.9640058881884244,
        1.9842132548241551,
        2.009373739959681,
        2.033362987615604,
        2.0576805657781065,
        2.0789196454286554,
        2.104344459022691,
        2.1277532081026607,
        2.151989503664119,
        2.1730154564946105,
        2.197461038753243,
        2.2222471119075813,
        2.246096835098726,
        2.267402476879262,
        2.292024704790556,
        2.3165093282985083,
        2.340142084546706,
        2.3613875644020617,
        2.386624211974784,
        2.4105699382380266,
        2.43423725559218,
        2.4554462542801367,
        2.480061441966143,
        2.5048801561649974,
        2.529173413549234,
        2.5500611219559026,
        2.5749431981823427,
        2.599146212678807,
        2.622990175685622,
        2.644127492079747,
        2.668855323370348,
        2.6932964254856167,
        2.71804409741112,
        2.7409075490415695,
        2.7627738487631603,
        2.7876264840474896,
        2.812102147268714,
        2.8327229671349485,
        2.857313194022211,
        2.8817350955230587,
        2.905899708790681,
        2.929823674357582,
        2.951499247975935,
        2.975883388268425
    ],
    "speeds": [
        0.57,
        6.55,
        15.58,
        21.44,
        23.91,
        25.14,
        26.75,
        27.18,
        26.77,
        26.44,
        27.34,
        27.63,
        27.26,
        27.7,
        26.92,
        27.52,
        27.77,
        27.38,
        27.93,
        26.98,
        27.2,
        27.64,
        27.27,
        27.33,
        20.35,
        4.5,
        -12.0,
        -12.04,
        1.75,
        8.32,
        -1.94,
        -5.11,
        3.97,
        1.37,
        -2.98,
        4.07,
        -4.31,
        0.73,
        2.83,
        -3.42,
        0.48,
        3.92,
        -3.51,
        -1.13,
        4.42,
        -2.13,
        -1.93,
        4.27,
        -1.77,
        -3.73,
        4.38,
        0.13,
        -4.74,
        2.94,
        1.51,
        -3.99,
        2.09,
        1.81,
        -3.63,
        1.16,
        3.4,
        -2.83,
        0.92,
        3.56,
        -3.37,
        -0.48,
        4.47,
        -2.39,
        -2.26,
        3.95,
        -1.88,
        -3.9,
        3.83,
        0.38,
        -3.74,
        2.62,
        0.83,
        -4.25,
        2.21,
        1.99,
        -4.08,
        1.15,
        2.79,
        -3.11,
        0.63,
        2.9,
        -3.8,
        -0.07,
        4.08,
        -3.09,
        -1.7,
        4.07,
        -1.71,
        -2.29,
        3.78,
        -1.42,
        -3.32,
        4.5,
        0.4,
        -4.87,
        2.42,
        1.5,
        -4.3,
        1.95,
        3.0,
        -4.26,
        0.48,
        4.07,
        -3.39,
        -1.19,
        4.87,
        -1.93,
        -2.95,
        4.14,
        -0.78,
        -4.32,
        3.92,
        1.48,
        -4.69,
        2.28,
        3.19,
        -4.11
    ],
    "positions": [
        20,
        324,
        825,
        1400,
        2023,
        2715,
        3455,
        4193,
        4929,
        5670,
        6795,
        7540,
        8285,
        9033,
        9788,
        10547,
        11311,
        12086,
        12862,
        13634,
        14408,
        15174,
        15950,
        16723,
        17084,
        16880,
        16410,
        16276,
        16613,
        16726,
        16419,
        16471,
        16712,
        16491,
        16445,
        16692,
        16424,
        16653,
        16573,
        16404,
        16656,
        16616,
        16386,
        16613,
        16653,
        16407,
        16570,
        16692,
        16415,
        16508,
        16720,
        16455,
        16469,
        16709,
        16507,
        16449,
        16684,
        16533,
        16424,
        16659,
        16568,
        16412,
        16670,
        16605,
        16382,
        16608,
        16650,
        16403,
        16574,
        16681,
        16409,
        16506,
        16708,
        16469,
        16480,
        16704,
        16494,
        16451,
        16690,
        16530,
        16418,
        16668,
        16567,
        16416,
        16665,
        16589,
        16400,
        16642,
        16629,
        16389,
        16585,
        16656,
        16418,
        16562,
        16683,
        16405,
        16508,
        16724,
        16464,
        16458,
        16707,
        16500,
        16422,
        16689,
        16576,
        16397,
        16651,
        16615,
        16380,
        16602,
        16668,
        16407,
        16543,
        16706,
        16425,
        16463,
        16712,
        16506,
        16428,
        16700,
        16567,
        16393
    ]
}