{
    "name": "R\u00e9ponse temporelle du syst\u00e8me en boucle ferm\u00e9e \u00e0 une entr\u00e9e en echelon de position",
    "pos_order": 16548,
    "times": [
        0.0,
        0.021382444238220444,
        0.04588690838107112,
        0.07055841786937833,
        0.09385580338571486,
        0.11885884348299669,
        0.13998527952895046,
        0.16445646260680746,
        0.188996127876095,
        0.21375788025217446,
        0.2378789721271133,
        0.26150148804762097,
        0.2836013952446521,
        0.30801817658165476,
        0.33289641268520853,
        0.3572146308681923,
        0.3808723479151368,
        0.4023719159013126,
        0.42695638260424573,
        0.45158565074082446,
        0.4758366667733398,
        0.5008729879356153,
        0.5239655668981413,
        0.545798585554742,
        0.570032961054757,
        0.5947332714646905,
        0.6182354635348375,
        0.63950782425038,
        0.6641198118339844,
        0.6884233095459109,
        0.709491503728124,
        0.7339793273384814,
        0.7585004320138253,
        0.7792825370411904,
        0.8033965886908376,
        0.8281301801657719,
        0.8484873115939706,
        0.8731921021472715,
        0.897669045409458,
        0.9182367435757968,
        0.9426714454862619,
        0.9674779992959799,
        0.9907286633172276,
        1.0124387980415435,
        1.0371557489839702,
        1.0607840250888074,
        1.0819661429165777,
        1.1060897948734407,
        1.1312886812378053,
        1.1516643732599476,
        1.176300681621818,
        1.2008998687958012,
        1.223927805689783,
        1.2460757144228651,
        1.270941790137286,
        1.294617427757693,
        1.3161841978943372,
        1.3400672021504718,
        1.3647201510448355,
        1.3851566450126427,
        1.409841594931038,
        1.4343690998111995,
        1.4577349675189666,
        1.479167973375148,
        1.504022528720924,
        1.5281941822138307,
        1.5494025408813101,
        1.5739562866011738,
        1.5981369003808155,
        1.618999007968256,
        1.6433786681173856,
        1.6676872859931535,
        1.6883189862075625,
        1.7128439310057928,
        1.7375672821530301,
        1.758507472239117,
        1.782655444974239,
        1.8073314346059135,
        1.830864987679611,
        1.8520739863675644,
        1.8768165381292263,
        1.90564498063938,
        1.9301468847003136,
        1.9504784153092913,
        1.9752651284841178,
        1.9997702326474496,
        2.0203129700150413,
        2.0445281449006387,
        2.069152932893857,
        2.0975512816410173,
        2.122492239751672,
        2.1431021792697393,
        2.1671515888508495,
        2.191953662517207,
        2.2128279304937806,
        2.237178149700796,
        2.261698614355666,
        2.2822183109859537,
        2.30610835546738,
        2.3312918813402064,
        2.3520650260808367,
        2.376442126148042,
        2.4005222567122146,
        2.4217248551953716,
        2.446302281673013,
        2.4705040161285226,
        2.4916189318058173,
        2.515665781305003,
        2.539871355883392,
        2.5608742679765797,
        2.5846331082594673,
        2.608057857851456,
        2.6295151844859035,
        2.656872859931518,
        2.683084258696283,
        2.7074223175141654,
        2.7308976287241222,
        2.7525885628340134,
        2.7770757464238898,
        2.797573682357836,
        2.822022464718877,
        2.8480271368683816,
        2.8755249767992623,
        2.8992415757304286,
        2.9204665749304013,
        2.9450036801177646,
        2.9686530768984625,
        2.9900451214438917
    ],
    "speeds": [
        0.57,
        6.58,
        12.1,
        14.07,
        13.7,
        11.95,
        11.66,
        11.56,
        10.97,
        10.68,
        10.4,
        10.8,
        10.96,
        10.93,
        10.89,
        10.94,
        10.98,
        10.84,
        10.85,
        10.85,
        10.9,
        10.8,
        11.06,
        10.31,
        10.4,
        7.7,
        7.99,
        7.83,
        9.29,
        7.24,
        7.76,
        7.13,
        8.42,
        6.66,
        7.37,
        6.71,
        5.95,
        6.35,
        7.33,
        7.18,
        5.09,
        7.2,
        5.68,
        6.51,
        4.52,
        7.03,
        5.37,
        5.59,
        3.61,
        5.41,
        4.34,
        3.54,
        5.98,
        4.6,
        5.41,
        3.96,
        5.78,
        4.02,
        3.36,
        4.94,
        3.7,
        2.92,
        5.01,
        3.78,
        3.07,
        4.73,
        3.19,
        2.66,
        4.67,
        3.44,
        3.03,
        4.8,
        2.92,
        2.4,
        4.55,
        3.56,
        2.78,
        4.75,
        2.31,
        0.7,
        0.95,
        3.17,
        4.38,
        1.13,
        0.82,
        1.38,
        1.24,
        1.7,
        1.9,
        0.98,
        0.19,
        0.01,
        0.86,
        1.06,
        0.97,
        1.42,
        3.69,
        1.37,
        -0.39,
        0.06,
        1.32,
        1.48,
        1.84,
        4.55,
        2.15,
        -0.02,
        0.51,
        1.49,
        0.33,
        -1.01,
        -0.15,
        0.95,
        0.96,
        4.01,
        3.25,
        2.78,
        1.14,
        -0.45,
        0.09,
        0.86,
        -0.25,
        0.32,
        1.17,
        3.29,
        1.08,
        -0.36,
        0.09,
        0.76
    ],
    "positions": [
        21,
        326,
        623,
        962,
        1255,
        1548,
        1836,
        2106,
        2367,
        2624,
        2881,
        3146,
        3413,
        3676,
        3943,
        4209,
        4475,
        4741,
        5007,
        5273,
        5539,
        5804,
        6071,
        6318,
        6570,
        6666,
        6881,
        6995,
        7249,
        7340,
        7548,
        7653,
        7905,
        7983,
        8180,
        8276,
        8421,
        8614,
        8791,
        8928,
        9053,
        9203,
        9364,
        9488,
        9602,
        9747,
        9901,
        10014,
        10124,
        10232,
        10319,
        10423,
        10553,
        10691,
        10794,
        10905,
        11023,
        11116,
        11223,
        11326,
        11406,
        11498,
        11592,
        11673,
        11770,
        11857,
        11939,
        12029,
        12128,
        12206,
        12303,
        12395,
        12468,
        12557,
        12646,
        12716,
        12803,
        12895,
        12932,
        12940,
        12954,
        13124,
        13186,
        13183,
        13193,
        13231,
        13270,
        13346,
        13436,
        13420,
        13435,
        13432,
        13430,
        13467,
        13510,
        13587,
        13661,
        13683,
        13659,
        13663,
        13699,
        13736,
        13816,
        13906,
        13935,
        13915,
        13927,
        13972,
        13978,
        13941,
        13933,
        13970,
        14011,
        14162,
        14210,
        14275,
        14298,
        14277,
        14271,
        14291,
        14288,
        14297,
        14362,
        14427,
        14445,
        14414,
        14406,
        14437
    ]
}