{
    "name": "R\u00e9ponse temporelle du syst\u00e8me en boucle ferm\u00e9e \u00e0 une entr\u00e9e en echelon de position",
    "pos_order": 16991,
    "times": [
        0.0,
        0.024334171971894136,
        0.04905171547560272,
        0.06925904331202304,
        0.09027215538643318,
        0.11443160210259151,
        0.13565272043383203,
        0.1592380698811411,
        0.18066399437295289,
        0.20026906409344747,
        0.2253213376658394,
        0.2455677066766171,
        0.26598944096238597,
        0.29024809066256907,
        0.3107114261997026,
        0.3346430260622242,
        0.35567789879119616,
        0.3760637919988632,
        0.4005547686874422,
        0.42172916561330354,
        0.442472189563464,
        0.46696636634830213,
        0.4874258617699212,
        0.5080076008686341,
        0.5320960054478441,
        0.5530726364249041,
        0.5764288589800799,
        0.5976499773113169,
        0.6181293133297459,
        0.6426951722707841,
        0.6631591478271659,
        0.6921244991049349,
        0.7131798524499615,
        0.7366339979506584,
        0.7576189491779921,
        0.7782301291622851,
        0.8030091145141647,
        0.8235473323037574,
        0.8435108128052491,
        0.8671992053520974,
        0.8876695811010009,
        0.9126469724209301,
        0.9339096920035352,
        0.954488231005989,
        0.9790272091384509,
        0.9990770922389345,
        1.0194661855428606,
        1.0441670885460255,
        1.0646278640061517,
        1.0881466514512752,
        1.1098599445871322,
        1.1301863160043872,
        1.1544635262628695,
        1.1755739212635525,
        1.1955143610719823,
        1.220681198090439,
        1.2408181238091665,
        1.2613563415987556,
        1.285886359461692,
        1.3066364236236225,
        1.330037447526422,
        1.3516470575434916,
        1.3717334217413253,
        1.396301200740119,
        1.4169239010709447,
        1.437878131374191,
        1.4622148634230925,
        1.4826730788062115,
        1.5072690186520816,
        1.5280581239883695,
        1.5520262049482447,
        1.5731993218356024,
        1.5964345807521916,
        1.617987869075101,
        1.642555008054643,
        1.6638100474062263,
        1.6876930058056168,
        1.7084571503910837,
        1.7328271634410761,
        1.7530581719898137,
        1.7777859558015514,
        1.8112154413604777,
        1.8351636817235466,
        1.860281237259617,
        1.8801160738915037,
        1.9046742526015201,
        1.9295626812454536,
        1.9501879416532866,
        1.9744549116037433,
        1.998065861821125,
        2.01951994716001,
        2.044184369065821,
        2.067273703593006,
        2.08823753418503,
        2.11280531318382,
        2.134775894058894,
        2.158614691129909,
        2.183337354787632,
        2.2042832648406083,
        2.228845923685384,
        2.2529791296122212,
        2.2737016729463235,
        2.2983168133697482,
        2.322222172442949,
        2.3431386416103415,
        2.368107072660745,
        2.390636390342621,
        2.4121192765478376,
        2.4364246476534035,
        2.456825901323114,
        2.481394320341156,
        2.506730762461334,
        2.5264798365134844,
        2.5510732162823473,
        2.5761843716258994,
        2.59702851861784,
        2.6218734259526535,
        2.644281779995943,
        2.6657416255080975,
        2.691965134311239,
        2.711414679353556,
        2.736728720799924,
        2.7611678559291057,
        2.7813003015130704,
        2.806293693314295,
        2.829848961856772,
        2.851304327234164,
        2.87555337664557,
        2.896028232529236,
        2.92100370379141,
        2.9443650465006,
        2.965890813995685,
        2.9899593779780886
    ],
    "speeds": [
        0.0,
        0.0,
        0.0,
        0.0,
        0.0,
        0.0,
        0.0,
        0.0,
        0.0,
        0.0,
        0.0,
        0.0,
        0.0,
        0.0,
        0.0,
        0.0,
        0.0,
        0.0,
        0.0,
        0.0,
        0.0,
        0.0,
        0.0,
        0.0,
        0.0,
        0.0,
        0.0,
        0.0,
        0.0,
        0.0,
        0.0,
        0.0,
        0.0,
        0.0,
        0.0,
        0.0,
        0.0,
        0.0,
        0.0,
        0.0,
        0.0,
        0.0,
        0.0,
        0.0,
        0.0,
        0.0,
        0.0,
        0.0,
        0.0,
        0.0,
        0.0,
        0.0,
        0.0,
        0.0,
        0.0,
        0.0,
        0.0,
        0.0,
        0.0,
        0.0,
        0.0,
        0.0,
        0.02,
        0.02,
        0.02,
        -0.05,
        -0.07,
        -0.09,
        -0.12,
        -0.32,
        -0.65,
        -1.14,
        -1.65,
        -2.14,
        -2.67,
        -3.21,
        -3.41,
        -3.9,
        -4.21,
        -4.55,
        -4.86,
        -5.13,
        -5.39,
        -5.54,
        -5.84,
        -5.83,
        -6.09,
        -6.07,
        -6.2,
        -6.06,
        -6.29,
        -6.32,
        -6.5,
        -6.51,
        -6.72,
        -6.73,
        -6.58,
        -6.74,
        -6.61,
        -6.75,
        -6.58,
        -6.79,
        -6.79,
        -6.86,
        -6.83,
        -6.89,
        -6.89,
        -6.84,
        -6.77,
        -6.63,
        -6.67,
        -6.54,
        -6.44,
        -6.32,
        -6.24,
        -6.2,
        -6.08,
        -5.83,
        -5.83,
        -5.73,
        -5.57,
        -5.18,
        -5.03,
        -4.67,
        -4.58,
        -4.31,
        -4.22,
        -4.02,
        -3.63,
        -3.09,
        -2.5,
        -1.63,
        -0.84
    ],
    "positions": [
        0,
        0,
        0,
        0,
        0,
        0,
        0,
        0,
        0,
        0,
        0,
        0,
        0,
        0,
        0,
        0,
        0,
        0,
        0,
        0,
        0,
        0,
        0,
        0,
        0,
        0,
        0,
        0,
        0,
        0,
        0,
        0,
        0,
        0,
        0,
        0,
        0,
        0,
        0,
        0,
        0,
        0,
        0,
        0,
        0,
        0,
        0,
        0,
        0,
        0,
        0,
        0,
        0,
        0,
        0,
        0,
        0,
        0,
        0,
        0,
        0,
        0,
        1,
        1,
        1,
        -1,
        -2,
        -3,
        -7,
        -19,
        -39,
        -69,
        -115,
        -166,
        -233,
        -309,
        -389,
        -481,
        -575,
        -678,
        -785,
        -966,
        -1086,
        -1215,
        -1342,
        -1473,
        -1609,
        -1747,
        -1883,
        -2021,
        -2162,
        -2304,
        -2448,
        -2594,
        -2741,
        -2889,
        -3037,
        -3185,
        -3335,
        -3483,
        -3634,
        -3786,
        -3937,
        -4086,
        -4236,
        -4389,
        -4540,
        -4689,
        -4838,
        -4985,
        -5134,
        -5283,
        -5429,
        -5571,
        -5709,
        -5849,
        -5985,
        -6114,
        -6240,
        -6366,
        -6482,
        -6594,
        -6704,
        -6807,
        -6908,
        -7000,
        -7092,
        -7175,
        -7252,
        -7314,
        -7358,
        -7381,
        -7389
    ]
}